from_city_name,from_airport_code,to_city_name,to_airport_code,distance_km,flight_duration_minutes,total_journey_time_mins
Malaga,AGP,Barcelona,BCN,766,95,245.23
Malaga,AGP,Amsterdam,AMS,1883,185,333.88
Malaga,AGP,Dublin,DUB,1866,185,329.87
Malaga,AGP,Madrid,MAD,431,75,228.33
Malaga,AGP,Brussels,BRU,1734,175,323.04
Malaga,AGP,Stockholm,ARN,3018,255,441.59
Malaga,AGP,Copenhagen,CPH,2473,220,362.71
Malaga,AGP,Paris,ORY,1450,155,308.31
Malaga,AGP,Rome,FCO,1549,155,320.12
Malaga,AGP,Paris,CDG,1484,158,323.81
Malaga,AGP,Frankfurt,FRA,1818,180,327.39
Malaga,AGP,Helsinki,HEL,3356,275,431.54
Malaga,AGP,Milan,MXP,1485,150,343.76
Malaga,AGP,Eindhoven,EIN,1819,175,342.4
Malaga,AGP,Valencia,VLC,470,70,214.89
Malaga,AGP,Vienna,VIE,2137,190,347.77
Malaga,AGP,Dusseldorf,DUS,1852,175,314.61
Malaga,AGP,Lisbon,LIS,470,80,219.86
Malaga,AGP,Berlin,BER,2242,210,369.34
Malaga,AGP,Las Palmas,LPA,1409,150,314.99
Malaga,AGP,Gothenburg,GOT,2641,230,391.85
Malaga,AGP,Munich,MUC,1856,175,350.04
Malaga,AGP,Prague,PRG,2118,195,343.73
Malaga,AGP,Rotterdam,RTM,1837,170,308.67
Malaga,AGP,Cologne,CGN,1829,180,332.16
Malaga,AGP,Hamburg,HAM,2192,205,350.45
Malaga,AGP,Brussels,CRL,1690,165,362.39
Malaga,AGP,Milan,BGY,1549,155,354.88
Malaga,AGP,Marseille,MRS,1117,120,282.03
Malaga,AGP,Dusseldorf,NRN,1859,175,396.68
Malaga,AGP,Budapest,BUD,2286,205,362.57
Malaga,AGP,Luxembourg,LUX,1678,160,300.87
Malaga,AGP,Lyon,LYS,1284,135,295.58
Malaga,AGP,Athens,ATH,2515,205,366.68
Malaga,AGP,Sofia,SOF,2472,215,357.41
Malaga,AGP,Antwerp,ANR,1762,200,338.99
Malaga,AGP,Bordeaux,BOD,960,115,261.4
Malaga,AGP,Krakow,KRK,2448,220,367.41
Malaga,AGP,Bucharest,OTP,2712,240,395.22
Malaga,AGP,Riga,RIX,3085,265,409.24
Malaga,AGP,Stuttgart,STR,1737,180,326.43
Malaga,AGP,Warsaw,WAW,2635,230,372.46
Malaga,AGP,Dortmund,DTM,1906,180,327.22
Malaga,AGP,Hanover,HAJ,2076,200,347.48
Malaga,AGP,Paris,BVA,1517,150,385.81
Malaga,AGP,Zagreb,ZAG,1987,185,333.4
Malaga,AGP,Bucharest,BBU,2711,240,382.8
Malaga,AGP,Naples,NAP,1693,160,302.13
Malaga,AGP,Tallinn,TLL,3287,270,407.56
Malaga,AGP,Nuremberg,NUE,1898,175,313.59
Malaga,AGP,Toulouse,TLS,919,110,251.31
Malaga,AGP,Vilnius,VNO,3020,255,394.24
Malaga,AGP,Bremen,BRE,2093,193,329.27
Malaga,AGP,Stockholm,NYO,2907,245,510.75
Malaga,AGP,Poznan,POZ,2416,230,372.58
Malaga,AGP,Turin,TRN,1389,150,301.0
Malaga,AGP,Stockholm,VST,2964,250,511.23
Amsterdam,AMS,Copenhagen,CPH,635,80,227.83
Amsterdam,AMS,Barcelona,BCN,1240,135,290.36
Amsterdam,AMS,Dublin,DUB,750,100,250.0
Amsterdam,AMS,Frankfurt,FRA,366,70,222.51
Amsterdam,AMS,Paris,CDG,399,80,250.93
Amsterdam,AMS,Munich,MUC,665,85,265.17
Amsterdam,AMS,Lisbon,LIS,1848,185,329.99
Amsterdam,AMS,Madrid,MAD,1459,160,318.45
Amsterdam,AMS,Berlin,BER,595,80,244.46
Amsterdam,AMS,Stockholm,ARN,1155,120,311.71
Amsterdam,AMS,Vienna,VIE,960,110,272.89
Amsterdam,AMS,Malaga,AGP,1883,185,333.88
Amsterdam,AMS,Warsaw,WAW,1105,115,262.59
Amsterdam,AMS,Prague,PRG,707,90,243.85
Amsterdam,AMS,Milan,MXP,797,105,303.88
Amsterdam,AMS,Rome,FCO,1298,135,305.25
Amsterdam,AMS,Milan,LIN,830,100,247.48
Amsterdam,AMS,Athens,ATH,2184,195,361.81
Amsterdam,AMS,Valencia,VLC,1480,145,295.02
Amsterdam,AMS,Budapest,BUD,1171,115,277.7
Amsterdam,AMS,Gothenburg,GOT,765,90,256.98
Amsterdam,AMS,Hamburg,HAM,381,65,215.57
Amsterdam,AMS,Bucharest,OTP,1786,165,325.35
Amsterdam,AMS,Dusseldorf,DUS,179,50,194.74
Amsterdam,AMS,Helsinki,HEL,1525,140,301.66
Amsterdam,AMS,Stuttgart,STR,510,70,221.55
Amsterdam,AMS,Krakow,KRK,1077,110,262.54
Amsterdam,AMS,Brussels,BRU,158,45,198.17
Amsterdam,AMS,Lyon,LYS,732,95,260.71
Amsterdam,AMS,Nuremberg,NUE,543,75,218.72
Amsterdam,AMS,Toulouse,TLS,997,110,256.44
Amsterdam,AMS,Hanover,HAJ,336,55,207.6
Amsterdam,AMS,Bremen,BRE,284,55,196.39
Amsterdam,AMS,Luxembourg,LUX,314,55,200.99
Amsterdam,AMS,Zagreb,ZAG,1101,110,263.52
Amsterdam,AMS,Marseille,MRS,986,125,292.16
Amsterdam,AMS,Bordeaux,BOD,923,100,251.53
Amsterdam,AMS,Naples,NAP,1461,145,292.26
Amsterdam,AMS,Riga,RIX,1337,135,284.36
Amsterdam,AMS,Las Palmas,LPA,3181,280,450.11
Amsterdam,AMS,Genoa,GOA,928,105,251.79
Amsterdam,AMS,Turin,TRN,819,100,256.12
Amsterdam,AMS,Sevilla,SVQ,1851,175,325.15
Amsterdam,AMS,Malta,MLA,1983,185,330.42
Amsterdam,AMS,Poznan,POZ,821,100,247.71
Amsterdam,AMS,Sofia,SOF,1757,165,312.53
Amsterdam,AMS,Tallinn,TLL,1474,140,282.69
Amsterdam,AMS,Vilnius,VNO,1381,130,274.36
Amsterdam,AMS,Larnaca,LCA,2994,255,452.27
Amsterdam,AMS,Ljubljana,LJU,975,105,272.54
Amsterdam,AMS,Palermo,PMO,1697,170,341.75
Amsterdam,AMS,Milan,BGY,821,110,315.0
Antwerp,ANR,Malaga,AGP,1762,180,318.99
Antwerp,ANR,Las Palmas,LPA,3072,300,460.22
Stockholm,ARN,Copenhagen,CPH,547,70,255.54
Stockholm,ARN,Helsinki,HEL,399,60,259.37
Stockholm,ARN,Amsterdam,AMS,1155,125,316.71
Stockholm,ARN,Tallinn,TLL,389,60,240.39
Stockholm,ARN,Gothenburg,GOT,394,60,264.68
Stockholm,ARN,Paris,CDG,1542,155,363.64
Stockholm,ARN,Munich,MUC,1318,135,352.87
Stockholm,ARN,Malaga,AGP,3018,265,451.59
Stockholm,ARN,Frankfurt,FRA,1223,135,325.22
Stockholm,ARN,Riga,RIX,466,65,252.07
Stockholm,ARN,Vienna,VIE,1286,135,335.6
Stockholm,ARN,Berlin,BER,856,95,297.17
Stockholm,ARN,Brussels,BRU,1291,135,325.87
Stockholm,ARN,Vilnius,VNO,712,85,267.07
Stockholm,ARN,Warsaw,WAW,853,100,285.3
Stockholm,ARN,Barcelona,BCN,2316,215,408.07
Stockholm,ARN,Dusseldorf,DUS,1166,120,302.44
Stockholm,ARN,Rome,FCO,2024,190,397.96
Stockholm,ARN,Hamburg,HAM,826,95,283.28
Stockholm,ARN,Prague,PRG,1087,115,306.56
Stockholm,ARN,Athens,ATH,2452,215,419.52
Stockholm,ARN,Madrid,MAD,2603,245,441.16
Stockholm,ARN,Budapest,BUD,1362,140,340.41
Stockholm,ARN,Dublin,DUB,1628,165,352.71
Stockholm,ARN,Krakow,KRK,1072,120,310.25
Stockholm,ARN,Lisbon,LIS,3003,275,457.7
Stockholm,ARN,Milan,BGY,1649,165,407.71
Stockholm,ARN,Milan,LIN,1681,160,345.19
Stockholm,ARN,Milan,MXP,1676,170,406.59
Stockholm,ARN,Brussels,CRL,1332,140,380.22
Stockholm,ARN,Stuttgart,STR,1344,135,324.26
Stockholm,ARN,Poznan,POZ,808,95,280.42
Stockholm,ARN,Cologne,CGN,1190,125,319.99
Stockholm,ARN,Larnaca,LCA,2981,255,489.98
Stockholm,ARN,Las Palmas,LPA,4336,355,562.82
Stockholm,ARN,Luxembourg,LUX,1343,165,348.7
Stockholm,ARN,Paris,ORY,1576,175,371.15
Stockholm,ARN,Zagreb,ZAG,1553,145,336.23
Stockholm,ARN,Paris,BVA,1520,155,433.64
Stockholm,ARN,Valencia,VLC,2587,235,422.73
Stockholm,ARN,Malta,MLA,2657,235,418.13
Stockholm,ARN,Turin,TRN,1749,170,363.83
Stockholm,ARN,Hanover,HAJ,949,105,295.31
Stockholm,ARN,Lyon,LYS,1769,165,368.42
Stockholm,ARN,Marseille,MRS,1999,195,399.87
Stockholm,ARN,Naples,NAP,2102,195,379.97
Stockholm,ARN,Bucharest,OTP,1765,165,363.06
Stockholm,ARN,Palermo,PMO,2411,215,424.46
Stockholm,ARN,Sevilla,SVQ,2998,270,457.86
Athens,ATH,Larnaca,LCA,930,95,305.08
Athens,ATH,Rome,FCO,1087,125,308.05
Athens,ATH,Paris,CDG,2110,210,393.74
Athens,ATH,Munich,MUC,1518,160,352.97
Athens,ATH,Frankfurt,FRA,1818,185,350.32
Athens,ATH,Milan,MXP,1523,160,371.69
Athens,ATH,Amsterdam,AMS,2184,220,386.81
Athens,ATH,Madrid,MAD,2383,235,406.26
Athens,ATH,Vienna,VIE,1279,140,315.7
Athens,ATH,Barcelona,BCN,1909,195,363.16
Athens,ATH,Brussels,BRU,2103,200,365.97
Athens,ATH,Bucharest,OTP,758,95,268.15
Athens,ATH,Warsaw,WAW,1598,155,315.39
Athens,ATH,Paris,ORY,2109,215,386.24
Athens,ATH,Copenhagen,CPH,2141,200,360.64
Athens,ATH,Berlin,BER,1797,175,352.27
Athens,ATH,Dusseldorf,DUS,2004,195,352.54
Athens,ATH,Naples,NAP,893,110,270.06
Athens,ATH,Sofia,SOF,529,75,235.34
Athens,ATH,Budapest,BUD,1122,130,305.5
Athens,ATH,Lisbon,LIS,2876,275,432.79
Athens,ATH,Malta,MLA,873,110,268.22
Athens,ATH,Prague,PRG,1556,160,326.66
Athens,ATH,Stockholm,ARN,2452,220,424.52
Athens,ATH,Dublin,DUB,2879,270,432.8
Athens,ATH,Lyon,LYS,1783,185,363.51
Athens,ATH,Brussels,CRL,2077,205,420.32
Athens,ATH,Bordeaux,BOD,2188,215,379.33
Athens,ATH,Hamburg,HAM,2045,195,358.38
Athens,ATH,Marseille,MRS,1692,175,354.96
Athens,ATH,Milan,BGY,1458,150,367.81
Athens,ATH,Cologne,CGN,1956,190,360.09
Athens,ATH,Krakow,KRK,1388,145,310.34
Athens,ATH,Malaga,AGP,2515,240,401.68
Athens,ATH,Helsinki,HEL,2490,215,389.47
Athens,ATH,Riga,RIX,2110,195,357.17
Athens,ATH,Stuttgart,STR,1685,170,334.36
Athens,ATH,Eindhoven,EIN,2090,205,390.33
Athens,ATH,Toulouse,TLS,2000,195,354.24
Athens,ATH,Vilnius,VNO,1859,175,332.17
Athens,ATH,Luxembourg,LUX,1921,185,343.8
Athens,ATH,Zagreb,ZAG,1084,120,286.33
Athens,ATH,Bratislava,BTS,1261,130,292.07
Athens,ATH,Hanover,HAJ,1956,185,350.41
Athens,ATH,Valencia,VLC,2124,195,357.82
Athens,ATH,Nuremberg,NUE,1645,160,316.52
Athens,ATH,Palermo,PMO,951,115,299.55
Athens,ATH,Tallinn,TLL,2389,220,375.49
Athens,ATH,Ljubljana,LJU,1208,125,305.34
Athens,ATH,Sevilla,SVQ,2622,240,402.96
Athens,ATH,Gothenburg,GOT,2353,210,389.78
Athens,ATH,Las Palmas,LPA,3810,350,532.92
Bucharest,BBU,Madrid,MAD,2463,250,402.38
Bucharest,BBU,Malaga,AGP,2711,255,397.8
Bucharest,BBU,Sevilla,SVQ,2784,260,404.08
Barcelona,BCN,Madrid,MAD,483,85,244.81
Barcelona,BCN,Rome,FCO,850,110,281.6
Barcelona,BCN,Amsterdam,AMS,1240,150,305.36
Barcelona,BCN,Milan,MXP,720,105,305.24
Barcelona,BCN,Paris,CDG,856,120,292.28
Barcelona,BCN,Lisbon,LIS,995,120,266.34
Barcelona,BCN,Paris,ORY,825,110,269.79
Barcelona,BCN,Sevilla,SVQ,810,100,251.51
Barcelona,BCN,Malaga,AGP,766,100,250.23
Barcelona,BCN,Frankfurt,FRA,1094,135,288.87
Barcelona,BCN,Munich,MUC,1095,125,306.52
Barcelona,BCN,Brussels,BRU,1082,130,284.52
Barcelona,BCN,Dublin,DUB,1484,170,321.35
Barcelona,BCN,Vienna,VIE,1371,145,309.24
Barcelona,BCN,Berlin,BER,1503,165,330.81
Barcelona,BCN,Copenhagen,CPH,1769,180,329.18
Barcelona,BCN,Dusseldorf,DUS,1165,140,286.09
Barcelona,BCN,Athens,ATH,1909,170,338.16
Barcelona,BCN,Las Palmas,LPA,2174,215,386.46
Barcelona,BCN,Stuttgart,STR,993,125,277.9
Barcelona,BCN,Hamburg,HAM,1493,165,316.93
Barcelona,BCN,Naples,NAP,1026,120,268.61
Barcelona,BCN,Prague,PRG,1359,150,305.2
Barcelona,BCN,Budapest,BUD,1525,155,319.05
Barcelona,BCN,Stockholm,ARN,2316,220,413.07
Barcelona,BCN,Cologne,CGN,1132,140,298.63
Barcelona,BCN,Lyon,LYS,547,90,257.06
Barcelona,BCN,Warsaw,WAW,1872,185,333.94
Barcelona,BCN,Milan,BGY,783,105,311.35
Barcelona,BCN,Bucharest,OTP,1984,195,356.7
Barcelona,BCN,Sofia,SOF,1769,170,318.89
Barcelona,BCN,Turin,TRN,625,90,247.48
Barcelona,BCN,Helsinki,HEL,2631,240,403.02
Barcelona,BCN,Bordeaux,BOD,452,75,227.88
Barcelona,BCN,Paris,BVA,906,120,362.29
Barcelona,BCN,Brussels,CRL,1034,135,338.87
Barcelona,BCN,Krakow,KRK,1682,170,323.89
Barcelona,BCN,Luxembourg,LUX,980,135,282.35
Barcelona,BCN,Palermo,PMO,1005,115,288.1
Barcelona,BCN,Eindhoven,EIN,1156,135,308.87
Barcelona,BCN,Malta,MLA,1238,130,276.77
Barcelona,BCN,Marseille,MRS,351,70,238.51
Barcelona,BCN,Vilnius,VNO,2261,210,355.71
Barcelona,BCN,Riga,RIX,2340,215,365.71
Barcelona,BCN,Rotterdam,RTM,1196,135,280.14
Barcelona,BCN,Valencia,VLC,295,60,211.37
Barcelona,BCN,Gothenburg,GOT,1959,190,358.33
Barcelona,BCN,Hanover,HAJ,1367,155,308.95
Barcelona,BCN,Nuremberg,NUE,1149,140,285.07
Barcelona,BCN,Genoa,GOA,652,100,248.15
Barcelona,BCN,Zagreb,ZAG,1231,125,279.88
Barcelona,BCN,Milan,LIN,743,100,248.83
Barcelona,BCN,Tallinn,TLL,2556,245,389.04
Barcelona,BCN,Larnaca,LCA,2839,230,428.63
Berlin,BER,Frankfurt,FRA,430,70,232.97
Berlin,BER,Vienna,VIE,520,75,248.35
Berlin,BER,Munich,MUC,462,70,260.62
Berlin,BER,Amsterdam,AMS,595,85,249.46
Berlin,BER,Paris,CDG,857,110,291.39
Berlin,BER,Copenhagen,CPH,367,60,218.29
Berlin,BER,Stuttgart,STR,510,70,232.01
Berlin,BER,Barcelona,BCN,1503,155,320.81
Berlin,BER,Rome,FCO,1179,130,310.71
Berlin,BER,Cologne,CGN,471,65,232.74
Berlin,BER,Helsinki,HEL,1130,115,287.12
Berlin,BER,Paris,ORY,886,115,283.89
Berlin,BER,Dusseldorf,DUS,479,70,225.19
Berlin,BER,Madrid,MAD,1852,190,358.91
Berlin,BER,Brussels,BRU,645,85,248.62
Berlin,BER,Dublin,DUB,1329,145,305.46
Berlin,BER,Stockholm,ARN,856,95,297.17
Berlin,BER,Athens,ATH,1797,165,342.27
Berlin,BER,Lisbon,LIS,2307,220,375.44
Berlin,BER,Milan,LIN,827,105,262.94
Berlin,BER,Warsaw,WAW,510,70,228.05
Berlin,BER,Budapest,BUD,686,90,263.16
Berlin,BER,Malaga,AGP,2242,215,374.34
Berlin,BER,Riga,RIX,843,98,257.82
Berlin,BER,Luxembourg,LUX,595,90,246.45
Berlin,BER,Naples,NAP,1277,135,292.72
Berlin,BER,Milan,BGY,795,100,315.46
Berlin,BER,Sofia,SOF,1306,135,292.99
Berlin,BER,Valencia,VLC,1788,180,340.47
Berlin,BER,Vilnius,VNO,820,95,249.82
Berlin,BER,Tallinn,TLL,1053,110,263.14
Berlin,BER,Krakow,KRK,507,75,238.0
Berlin,BER,Milan,MXP,826,105,314.34
Berlin,BER,Gothenburg,GOT,595,75,252.43
Berlin,BER,Bucharest,OTP,1267,130,300.81
Berlin,BER,Marseille,MRS,1167,130,307.62
Berlin,BER,Las Palmas,LPA,3615,315,495.57
Berlin,BER,Bordeaux,BOD,1337,145,306.99
Berlin,BER,Palermo,PMO,1576,150,332.2
Berlin,BER,Larnaca,LCA,2514,223,430.73
Berlin,BER,Malta,MLA,1836,175,330.88
Berlin,BER,Zagreb,ZAG,760,85,248.98
Berlin,BER,Toulouse,TLS,1324,150,306.89
Berlin,BER,Lyon,LYS,960,115,291.17
Milan,BGY,Bucharest,OTP,1292,130,341.34
Milan,BGY,Palermo,PMO,877,100,322.74
Milan,BGY,Brussels,CRL,660,95,348.51
Milan,BGY,Naples,NAP,648,85,283.26
Milan,BGY,Sofia,SOF,1143,120,318.53
Milan,BGY,Barcelona,BCN,783,100,306.35
Milan,BGY,Copenhagen,CPH,1127,125,323.83
Milan,BGY,Vienna,VIE,589,80,293.89
Milan,BGY,Dublin,DUB,1435,145,346.0
Milan,BGY,Valencia,VLC,1079,120,321.01
Milan,BGY,Prague,PRG,600,85,289.85
Milan,BGY,Budapest,BUD,758,90,303.69
Milan,BGY,Krakow,KRK,899,105,308.54
Milan,BGY,Lisbon,LIS,1727,175,370.98
Milan,BGY,Paris,BVA,709,85,376.93
Milan,BGY,Madrid,MAD,1221,140,349.45
Milan,BGY,Warsaw,WAW,1096,120,318.59
Milan,BGY,Malaga,AGP,1549,155,354.88
Milan,BGY,Eindhoven,EIN,718,100,323.52
Milan,BGY,Berlin,BER,795,100,315.46
Milan,BGY,Cologne,CGN,610,90,298.28
Milan,BGY,Stockholm,ARN,1649,160,402.71
Milan,BGY,Poznan,POZ,912,105,303.7
Milan,BGY,Malta,MLA,1162,120,316.42
Milan,BGY,Vilnius,VNO,1489,145,340.36
Milan,BGY,Rome,FCO,476,80,301.24
Milan,BGY,Athens,ATH,1458,140,357.81
Milan,BGY,Bratislava,BTS,636,85,285.26
Milan,BGY,Helsinki,HEL,1915,180,392.66
Milan,BGY,Luxembourg,LUX,512,80,276.99
Milan,BGY,Dusseldorf,DUS,660,95,290.73
Milan,BGY,Hamburg,HAM,886,110,311.57
Milan,BGY,Zagreb,ZAG,495,75,279.52
Milan,BGY,Dusseldorf,NRN,709,95,372.8
Milan,BGY,Toulouse,TLS,697,100,297.43
Milan,BGY,Bordeaux,BOD,821,100,302.53
Milan,BGY,Marseille,MRS,432,75,293.15
Milan,BGY,Gothenburg,GOT,1347,140,357.97
Milan,BGY,Riga,RIX,1593,160,360.36
Milan,BGY,Tallinn,TLL,1832,180,373.68
Milan,BGY,Hanover,HAJ,755,100,303.6
Milan,BGY,Rotterdam,RTM,798,100,294.79
Milan,BGY,Sevilla,SVQ,1586,160,361.15
Milan,BGY,Zaragoza,ZAZ,970,115,318.64
Milan,BGY,Las Palmas,LPA,2957,265,486.11
Milan,BGY,Paris,CDG,653,95,316.93
Stockholm,BMA,Gothenburg,GOT,379,65,226.28
Stockholm,BMA,Helsinki,HEL,407,73,228.96
Bordeaux,BOD,Paris,CDG,526,85,253.46
Bordeaux,BOD,Lyon,LYS,464,70,233.23
Bordeaux,BOD,Marseille,MRS,498,70,234.68
Bordeaux,BOD,Amsterdam,AMS,923,105,256.53
Bordeaux,BOD,Madrid,MAD,536,85,240.98
Bordeaux,BOD,Dublin,DUB,1037,120,267.52
Bordeaux,BOD,Barcelona,BCN,452,75,227.88
Bordeaux,BOD,Frankfurt,FRA,907,110,260.04
Bordeaux,BOD,Lisbon,LIS,970,120,262.51
Bordeaux,BOD,Athens,ATH,2188,195,359.33
Bordeaux,BOD,Brussels,CRL,735,95,295.04
Bordeaux,BOD,Malaga,AGP,960,115,261.4
Bordeaux,BOD,Munich,MUC,1032,110,287.69
Bordeaux,BOD,Milan,MXP,744,95,291.41
Bordeaux,BOD,Milan,BGY,821,100,302.53
Bordeaux,BOD,Naples,NAP,1299,135,279.78
Bordeaux,BOD,Berlin,BER,1337,145,306.99
Bordeaux,BOD,Rome,FCO,1102,125,292.77
Bordeaux,BOD,Stuttgart,STR,868,105,254.08
Bordeaux,BOD,Dusseldorf,DUS,906,110,252.26
Bordeaux,BOD,Hamburg,HAM,1248,135,283.1
Bordeaux,BOD,Luxembourg,LUX,746,110,253.52
Bordeaux,BOD,Malta,MLA,1627,150,292.94
Bordeaux,BOD,Palermo,PMO,1365,135,304.27
Bordeaux,BOD,Prague,PRG,1268,133,284.38
Bordeaux,BOD,Sevilla,SVQ,930,105,252.68
Bordeaux,BOD,Valencia,VLC,593,88,235.54
Bordeaux,BOD,Copenhagen,CPH,1527,155,300.36
Bremen,BRE,Munich,MUC,564,75,242.56
Bremen,BRE,Frankfurt,FRA,334,60,199.91
Bremen,BRE,Amsterdam,AMS,284,55,196.39
Bremen,BRE,Stuttgart,STR,486,70,208.94
Bremen,BRE,Vienna,VIE,776,95,245.28
Bremen,BRE,Malaga,AGP,2093,200,336.27
Brussels,BRU,Madrid,MAD,1313,145,302.62
Brussels,BRU,Barcelona,BCN,1082,120,274.52
Brussels,BRU,Frankfurt,FRA,305,60,211.68
Brussels,BRU,Vienna,VIE,926,105,267.05
Brussels,BRU,Munich,MUC,598,75,254.33
Brussels,BRU,Malaga,AGP,1734,175,323.04
Brussels,BRU,Rome,FCO,1173,125,294.41
Brussels,BRU,Copenhagen,CPH,756,90,236.99
Brussels,BRU,Lisbon,LIS,1718,175,319.15
Brussels,BRU,Milan,LIN,701,85,231.64
Brussels,BRU,Warsaw,WAW,1150,120,266.75
Brussels,BRU,Dublin,DUB,785,105,254.16
Brussels,BRU,Berlin,BER,645,85,248.62
Brussels,BRU,Amsterdam,AMS,158,55,208.17
Brussels,BRU,Stockholm,ARN,1291,130,320.87
Brussels,BRU,Athens,ATH,2103,180,345.97
Brussels,BRU,Helsinki,HEL,1651,155,315.82
Brussels,BRU,Hamburg,HAM,484,70,219.74
Brussels,BRU,Prague,PRG,699,85,238.01
Brussels,BRU,Budapest,BUD,1142,115,276.86
Brussels,BRU,Paris,CDG,251,60,230.09
Brussels,BRU,Valencia,VLC,1325,135,284.18
Brussels,BRU,Lyon,LYS,577,85,249.87
Brussels,BRU,Marseille,MRS,830,100,266.32
Brussels,BRU,Milan,MXP,664,85,283.05
Brussels,BRU,Toulouse,TLS,841,100,245.6
Brussels,BRU,Gothenburg,GOT,907,100,266.14
Brussels,BRU,Zagreb,ZAG,1031,125,277.69
Brussels,BRU,Riga,RIX,1439,143,291.52
Brussels,BRU,Las Palmas,LPA,3049,300,469.27
Brussels,BRU,Naples,NAP,1345,140,286.42
Brussels,BRU,Sevilla,SVQ,1708,160,309.31
Brussels,BRU,Ljubljana,LJU,899,100,266.7
Brussels,BRU,Malta,MLA,1854,170,314.58
Brussels,BRU,Bucharest,OTP,1757,160,319.51
Brussels,BRU,Tallinn,TLL,1594,145,286.85
Brussels,BRU,Vilnius,VNO,1457,140,283.52
Brussels,BRU,Krakow,KRK,1088,120,271.7
Brussels,BRU,Sofia,SOF,1701,150,296.7
Bratislava,BTS,Milan,BGY,636,90,290.26
Bratislava,BTS,Dublin,DUB,1744,185,330.26
Bratislava,BTS,Larnaca,LCA,2005,180,372.53
Bratislava,BTS,Malta,MLA,1386,140,280.68
Bratislava,BTS,Brussels,CRL,960,115,312.78
Bratislava,BTS,Eindhoven,EIN,924,115,282.78
Bratislava,BTS,Athens,ATH,1261,120,282.07
Bratislava,BTS,Rome,CIA,795,95,247.94
Bratislava,BTS,Sofia,SOF,778,90,232.79
Bratislava,BTS,Milan,MXP,706,95,289.14
Budapest,BUD,Warsaw,WAW,541,75,231.28
Budapest,BUD,Amsterdam,AMS,1171,125,287.7
Budapest,BUD,Frankfurt,FRA,837,105,266.21
Budapest,BUD,Milan,MXP,833,105,312.58
Budapest,BUD,Munich,MUC,567,80,268.86
Budapest,BUD,Barcelona,BCN,1525,155,319.05
Budapest,BUD,Vienna,VIE,216,50,221.58
Budapest,BUD,Copenhagen,CPH,1019,120,276.53
Budapest,BUD,Brussels,CRL,1133,125,336.21
Budapest,BUD,Madrid,MAD,1978,200,367.15
Budapest,BUD,Berlin,BER,686,90,263.16
Budapest,BUD,Paris,CDG,1250,150,329.63
Budapest,BUD,Bucharest,OTP,616,105,274.04
Budapest,BUD,Stuttgart,STR,762,95,255.25
Budapest,BUD,Brussels,BRU,1142,130,291.86
Budapest,BUD,Athens,ATH,1122,120,295.5
Budapest,BUD,Rome,CIA,819,100,266.38
Budapest,BUD,Helsinki,HEL,1481,140,310.36
Budapest,BUD,Milan,BGY,758,95,308.69
Budapest,BUD,Rome,FCO,837,110,288.94
Budapest,BUD,Naples,NAP,828,105,260.95
Budapest,BUD,Stockholm,ARN,1362,138,338.41
Budapest,BUD,Dublin,DUB,1918,195,353.69
Budapest,BUD,Dusseldorf,DUS,1001,110,263.43
Budapest,BUD,Eindhoven,EIN,1098,135,316.21
Budapest,BUD,Malta,MLA,1345,140,294.11
Budapest,BUD,Larnaca,LCA,1836,175,380.97
Budapest,BUD,Lisbon,LIS,2485,240,393.68
Budapest,BUD,Paris,ORY,1264,145,312.13
Budapest,BUD,Prague,PRG,472,75,237.55
Budapest,BUD,Valencia,VLC,1817,180,338.71
Budapest,BUD,Malaga,AGP,2286,220,377.57
Budapest,BUD,Paris,BVA,1285,135,384.63
Budapest,BUD,Hamburg,HAM,950,105,264.27
Budapest,BUD,Sofia,SOF,620,85,241.23
Budapest,BUD,Luxembourg,LUX,993,125,279.69
Budapest,BUD,Cologne,CGN,963,110,275.98
Budapest,BUD,Dortmund,DTM,956,120,281.04
Budapest,BUD,Gothenburg,GOT,1231,130,305.67
Budapest,BUD,Nuremberg,NUE,646,90,242.41
Budapest,BUD,Palermo,PMO,1143,120,300.44
Budapest,BUD,Riga,RIX,1103,120,278.05
Budapest,BUD,Marseille,MRS,1182,135,310.85
Budapest,BUD,Sevilla,SVQ,2335,220,378.85
Budapest,BUD,Lyon,LYS,1101,125,299.4
Budapest,BUD,Las Palmas,LPA,3696,323,501.81
Budapest,BUD,Toulouse,TLS,1455,150,305.13
Paris,BVA,Dublin,DUB,728,100,336.93
Paris,BVA,Bucharest,OTP,1892,175,422.28
Paris,BVA,Rome,FCO,1160,130,387.18
Paris,BVA,Milan,BGY,709,90,381.93
Paris,BVA,Barcelona,BCN,906,105,347.29
Paris,BVA,Milan,MXP,654,90,375.81
Paris,BVA,Krakow,KRK,1272,130,369.47
Paris,BVA,Lisbon,LIS,1486,155,386.92
Paris,BVA,Vienna,VIE,1070,115,364.82
Paris,BVA,Budapest,BUD,1285,130,379.63
Paris,BVA,Madrid,MAD,1091,130,375.38
Paris,BVA,Palermo,PMO,1529,145,403.68
Paris,BVA,Poznan,POZ,1083,115,349.64
Paris,BVA,Sofia,SOF,1803,160,394.46
Paris,BVA,Vilnius,VNO,1681,160,391.29
Paris,BVA,Copenhagen,CPH,989,115,349.76
Paris,BVA,Malta,MLA,1815,170,402.35
Paris,BVA,Malaga,AGP,1517,155,390.81
Paris,BVA,Sevilla,SVQ,1484,150,387.08
Paris,BVA,Zagreb,ZAG,1125,120,360.45
Paris,BVA,Prague,PRG,877,100,340.78
Paris,BVA,Valencia,VLC,1126,120,356.95
Paris,BVA,Larnaca,LCA,3032,255,539.2
Paris,BVA,Stockholm,ARN,1520,150,428.64
Paris,BVA,Helsinki,HEL,1883,175,423.59
Paris,BVA,Naples,NAP,1347,135,369.19
Paris,BVA,Zaragoza,ZAZ,899,105,344.58
Paris,BVA,Riga,RIX,1670,155,391.29
Paris,BVA,Turin,TRN,632,85,328.05
Paris,CDG,Barcelona,BCN,856,110,282.28
Paris,CDG,Frankfurt,FRA,450,80,249.44
Paris,CDG,Amsterdam,AMS,399,85,255.93
Paris,CDG,Rome,FCO,1101,125,312.18
Paris,CDG,Athens,ATH,2110,190,373.74
Paris,CDG,Milan,MXP,596,90,305.81
Paris,CDG,Madrid,MAD,1062,130,305.38
Paris,CDG,Munich,MUC,682,90,287.09
Paris,CDG,Copenhagen,CPH,1006,110,274.76
Paris,CDG,Milan,LIN,642,90,254.41
Paris,CDG,Toulouse,TLS,604,80,243.36
Paris,CDG,Dublin,DUB,787,110,276.93
Paris,CDG,Berlin,BER,857,105,286.39
Paris,CDG,Vienna,VIE,1036,115,294.82
Paris,CDG,Marseille,MRS,651,85,269.09
Paris,CDG,Warsaw,WAW,1346,135,299.52
Paris,CDG,Bordeaux,BOD,526,75,243.46
Paris,CDG,Lisbon,LIS,1471,160,321.91
Paris,CDG,Lyon,LYS,411,65,247.64
Paris,CDG,Helsinki,HEL,1900,180,358.59
Paris,CDG,Stockholm,ARN,1542,150,358.64
Paris,CDG,Prague,PRG,854,100,270.78
Paris,CDG,Hamburg,HAM,730,95,262.5
Paris,CDG,Bucharest,OTP,1853,175,352.27
Paris,CDG,Dusseldorf,DUS,392,75,236.66
Paris,CDG,Malaga,AGP,1484,155,320.81
Paris,CDG,Naples,NAP,1289,135,299.19
Paris,CDG,Turin,TRN,572,85,258.05
Paris,CDG,Hanover,HAJ,632,90,259.53
Paris,CDG,Valencia,VLC,1084,120,286.94
Paris,CDG,Sevilla,SVQ,1456,155,322.08
Paris,CDG,Luxembourg,LUX,273,60,222.92
Paris,CDG,Budapest,BUD,1250,130,309.63
Paris,CDG,Stuttgart,STR,487,75,243.48
Paris,CDG,Brussels,BRU,251,55,225.09
Paris,CDG,Gothenburg,GOT,1159,125,308.9
Paris,CDG,Zagreb,ZAG,1080,110,280.45
Paris,CDG,Krakow,KRK,1249,135,304.47
Paris,CDG,Malta,MLA,1755,165,327.35
Paris,CDG,Nuremberg,NUE,621,85,245.65
Paris,CDG,Palermo,PMO,1469,145,333.67
Paris,CDG,Riga,RIX,1676,160,326.29
Paris,CDG,Sofia,SOF,1757,165,329.46
Paris,CDG,Ljubljana,LJU,944,110,294.47
Paris,CDG,Las Palmas,LPA,2799,263,450.04
Paris,CDG,Tallinn,TLL,1841,170,329.61
Paris,CDG,Vilnius,VNO,1677,160,321.29
Paris,CDG,Larnaca,LCA,2983,250,464.2
Paris,CDG,Milan,BGY,653,90,311.93
Cologne,CGN,Munich,MUC,438,65,248.44
Cologne,CGN,Vienna,VIE,748,90,256.17
Cologne,CGN,Berlin,BER,471,70,237.74
Cologne,CGN,Barcelona,BCN,1132,130,288.63
Cologne,CGN,Malaga,AGP,1829,180,332.16
Cologne,CGN,Rome,FCO,1083,120,293.52
Cologne,CGN,Hamburg,HAM,364,60,213.85
Cologne,CGN,Lisbon,LIS,1852,190,338.26
Cologne,CGN,Milan,BGY,610,90,298.28
Cologne,CGN,Valencia,VLC,1397,150,303.29
Cologne,CGN,Las Palmas,LPA,3174,280,453.39
Cologne,CGN,Milan,MXP,595,85,287.16
Cologne,CGN,Palermo,PMO,1487,145,320.02
Cologne,CGN,Athens,ATH,1956,175,345.09
Cologne,CGN,Sofia,SOF,1536,145,295.81
Cologne,CGN,Zagreb,ZAG,874,95,251.8
Cologne,CGN,Stockholm,ARN,1190,123,317.99
Cologne,CGN,Budapest,BUD,963,100,265.98
Cologne,CGN,Dublin,DUB,956,120,273.28
Cologne,CGN,Malta,MLA,1771,165,313.7
Cologne,CGN,Naples,NAP,1240,125,275.54
Cologne,CGN,Larnaca,LCA,2774,230,430.55
Cologne,CGN,Prague,PRG,513,70,227.13
Cologne,CGN,Riga,RIX,1291,130,282.64
Cologne,CGN,Sevilla,SVQ,1816,175,328.43
Cologne,CGN,Copenhagen,CPH,644,85,236.11
Rome,CIA,Budapest,BUD,819,100,266.38
Rome,CIA,Bucharest,OTP,1137,125,289.03
Rome,CIA,Brussels,CRL,1148,130,336.19
Rome,CIA,Krakow,KRK,1075,120,276.22
Rome,CIA,Sofia,SOF,898,105,256.21
Rome,CIA,Poznan,POZ,1222,130,281.39
Rome,CIA,Sevilla,SVQ,1656,165,318.83
Rome,CIA,Riga,RIX,1868,180,333.04
Rome,CIA,Tallinn,TLL,2133,195,341.37
Rome,CIA,Vilnius,VNO,1705,170,318.04
Rome,CIA,Bratislava,BTS,795,100,252.94
Rome,CIA,Prague,PRG,932,110,267.53
Copenhagen,CPH,Stockholm,ARN,547,75,260.54
Copenhagen,CPH,Amsterdam,AMS,635,85,232.83
Copenhagen,CPH,Paris,CDG,1006,120,284.76
Copenhagen,CPH,Helsinki,HEL,894,95,250.49
Copenhagen,CPH,Warsaw,WAW,668,80,221.42
Copenhagen,CPH,Munich,MUC,811,95,268.99
Copenhagen,CPH,Brussels,BRU,756,90,236.99
Copenhagen,CPH,Frankfurt,FRA,678,95,241.34
Copenhagen,CPH,Berlin,BER,367,65,223.29
Copenhagen,CPH,Dusseldorf,DUS,621,80,218.56
Copenhagen,CPH,Vienna,VIE,877,105,261.72
Copenhagen,CPH,Milan,MXP,1146,125,317.71
Copenhagen,CPH,Barcelona,BCN,1769,180,329.18
Copenhagen,CPH,Malaga,AGP,2473,230,372.71
Copenhagen,CPH,Hamburg,HAM,280,60,204.4
Copenhagen,CPH,Rome,FCO,1538,155,319.08
Copenhagen,CPH,Prague,PRG,624,80,227.68
Copenhagen,CPH,Gothenburg,GOT,227,50,210.8
Copenhagen,CPH,Athens,ATH,2141,190,350.64
Copenhagen,CPH,Budapest,BUD,1019,110,266.53
Copenhagen,CPH,Dublin,DUB,1243,140,283.83
Copenhagen,CPH,Riga,RIX,715,85,228.19
Copenhagen,CPH,Vilnius,VNO,811,90,228.19
Copenhagen,CPH,Lisbon,LIS,2475,235,373.81
Copenhagen,CPH,Milan,BGY,1127,125,323.83
Copenhagen,CPH,Madrid,MAD,2061,190,342.28
Copenhagen,CPH,Stuttgart,STR,807,95,240.38
Copenhagen,CPH,Krakow,KRK,782,90,236.37
Copenhagen,CPH,Luxembourg,LUX,796,110,249.82
Copenhagen,CPH,Sofia,SOF,1635,165,306.36
Copenhagen,CPH,Hanover,HAJ,402,75,221.43
Copenhagen,CPH,Naples,NAP,1643,160,301.09
Copenhagen,CPH,Tallinn,TLL,839,90,226.51
Copenhagen,CPH,Bucharest,OTP,1555,155,309.17
Copenhagen,CPH,Poznan,POZ,450,70,211.53
Copenhagen,CPH,Zagreb,ZAG,1126,110,257.35
Copenhagen,CPH,Paris,BVA,989,115,349.76
Copenhagen,CPH,Eindhoven,EIN,667,85,251.35
Copenhagen,CPH,Paris,ORY,1039,130,282.26
Copenhagen,CPH,Palermo,PMO,1939,180,345.57
Copenhagen,CPH,Larnaca,LCA,2809,235,426.1
Copenhagen,CPH,Dusseldorf,NRN,620,85,305.63
Copenhagen,CPH,Las Palmas,LPA,3805,330,493.94
Copenhagen,CPH,Marseille,MRS,1456,155,315.99
Copenhagen,CPH,Cologne,CGN,644,90,241.11
Copenhagen,CPH,Toulouse,TLS,1559,155,295.26
Copenhagen,CPH,Ljubljana,LJU,1053,110,271.37
Copenhagen,CPH,Lyon,LYS,1223,135,294.54
Copenhagen,CPH,Malta,MLA,2202,195,334.25
Copenhagen,CPH,Bordeaux,BOD,1527,160,305.36
Copenhagen,CPH,Turin,TRN,1213,135,284.95
Copenhagen,CPH,Valencia,VLC,2040,190,333.84
Copenhagen,CPH,Genoa,GOA,1276,130,270.62
Copenhagen,CPH,Sevilla,SVQ,2457,220,363.98
Brussels,CRL,Milan,BGY,660,90,343.51
Brussels,CRL,Bucharest,OTP,1747,165,373.86
Brussels,CRL,Budapest,BUD,1133,120,331.21
Brussels,CRL,Marseille,MRS,782,105,320.67
Brussels,CRL,Lisbon,LIS,1682,170,363.5
Brussels,CRL,Malaga,AGP,1690,165,362.39
Brussels,CRL,Barcelona,BCN,1034,115,318.87
Brussels,CRL,Sofia,SOF,1683,160,356.04
Brussels,CRL,Warsaw,WAW,1164,120,316.1
Brussels,CRL,Athens,ATH,2077,185,400.32
Brussels,CRL,Rome,CIA,1148,120,326.19
Brussels,CRL,Krakow,KRK,1092,120,321.05
Brussels,CRL,Naples,NAP,1308,135,330.77
Brussels,CRL,Prague,PRG,699,90,292.36
Brussels,CRL,Turin,TRN,632,90,294.64
Brussels,CRL,Valencia,VLC,1278,135,333.53
Brussels,CRL,Malta,MLA,1813,165,358.93
Brussels,CRL,Zagreb,ZAG,1010,110,312.03
Brussels,CRL,Vienna,VIE,917,105,316.4
Brussels,CRL,Bordeaux,BOD,735,90,290.04
Brussels,CRL,Madrid,MAD,1271,145,351.96
Brussels,CRL,Sevilla,SVQ,1666,160,358.66
Brussels,CRL,Toulouse,TLS,794,100,294.95
Brussels,CRL,Palermo,PMO,1525,145,365.26
Brussels,CRL,Stockholm,ARN,1332,140,380.22
Brussels,CRL,Helsinki,HEL,1688,160,370.17
Brussels,CRL,Bratislava,BTS,960,105,302.78
Brussels,CRL,Dublin,DUB,805,105,303.51
Brussels,CRL,Poznan,POZ,886,100,296.22
Brussels,CRL,Gothenburg,GOT,951,110,325.49
Brussels,CRL,Riga,RIX,1469,143,340.87
Brussels,CRL,Zaragoza,ZAZ,1064,120,321.16
Brussels,CRL,Genoa,GOA,749,95,290.3
Brussels,CRL,Las Palmas,LPA,3010,270,488.62
Dresden,DRS,Frankfurt,FRA,386,65,213.21
Dresden,DRS,Munich,MUC,339,55,230.86
Dresden,DRS,Dusseldorf,DUS,489,70,210.43
Dortmund,DTM,Munich,MUC,462,65,243.51
Dortmund,DTM,Bucharest,OTP,1572,155,313.69
Dortmund,DTM,Sofia,SOF,1544,150,295.88
Dortmund,DTM,Malaga,AGP,1906,175,322.22
Dortmund,DTM,Budapest,BUD,956,110,271.04
Dortmund,DTM,Rome,FCO,1136,130,298.59
Dortmund,DTM,Krakow,KRK,872,95,245.88
Dortmund,DTM,Vilnius,VNO,1230,123,265.71
Dublin,DUB,Amsterdam,AMS,750,100,250.0
Dublin,DUB,Paris,CDG,787,110,276.93
Dublin,DUB,Malaga,AGP,1866,180,324.87
Dublin,DUB,Barcelona,BCN,1484,153,304.35
Dublin,DUB,Frankfurt,FRA,1087,120,268.51
Dublin,DUB,Lisbon,LIS,1644,170,310.98
Dublin,DUB,Rome,FCO,1888,185,351.24
Dublin,DUB,Madrid,MAD,1452,160,314.45
Dublin,DUB,Brussels,BRU,785,105,254.16
Dublin,DUB,Berlin,BER,1329,135,295.46
Dublin,DUB,Munich,MUC,1383,140,316.16
Dublin,DUB,Paris,BVA,728,95,331.93
Dublin,DUB,Copenhagen,CPH,1243,130,273.83
Dublin,DUB,Dusseldorf,DUS,916,105,245.73
Dublin,DUB,Milan,BGY,1435,150,351.0
Dublin,DUB,Vienna,VIE,1704,170,328.88
Dublin,DUB,Hamburg,HAM,1075,120,266.57
Dublin,DUB,Naples,NAP,2076,195,338.25
Dublin,DUB,Stockholm,ARN,1628,160,347.71
Dublin,DUB,Bordeaux,BOD,1037,125,272.52
Dublin,DUB,Milan,MXP,1382,160,354.88
Dublin,DUB,Prague,PRG,1457,145,294.85
Dublin,DUB,Athens,ATH,2879,250,412.8
Dublin,DUB,Budapest,BUD,1918,175,333.69
Dublin,DUB,Helsinki,HEL,2028,185,342.66
Dublin,DUB,Las Palmas,LPA,2929,265,431.11
Dublin,DUB,Luxembourg,LUX,960,110,251.99
Dublin,DUB,Lyon,LYS,1182,135,296.7
Dublin,DUB,Krakow,KRK,1825,170,318.53
Dublin,DUB,Paris,ORY,797,115,269.43
Dublin,DUB,Marseille,MRS,1393,150,313.15
Dublin,DUB,Riga,RIX,1947,175,320.35
Dublin,DUB,Toulouse,TLS,1224,135,277.43
Dublin,DUB,Milan,LIN,1427,160,303.47
Dublin,DUB,Valencia,VLC,1609,158,304.01
Dublin,DUB,Bucharest,OTP,2534,225,381.34
Dublin,DUB,Poznan,POZ,1549,150,293.7
Dublin,DUB,Zagreb,ZAG,1815,165,314.52
Dublin,DUB,Bratislava,BTS,1744,160,305.26
Dublin,DUB,Palermo,PMO,2250,205,372.74
Dublin,DUB,Sevilla,SVQ,1778,175,321.15
Dublin,DUB,Vilnius,VNO,2052,188,328.36
Dublin,DUB,Cologne,CGN,956,115,268.28
Dublin,DUB,Brussels,CRL,805,100,298.51
Dublin,DUB,Eindhoven,EIN,819,98,266.51
Dublin,DUB,Malta,MLA,2534,225,366.41
Dublin,DUB,Tallinn,TLL,2006,190,328.68
Dublin,DUB,Turin,TRN,1359,145,297.12
Dublin,DUB,Warsaw,WAW,1829,170,313.58
Dublin,DUB,Sofia,SOF,2486,210,353.53
Dusseldorf,DUS,Munich,MUC,486,70,240.9
Dusseldorf,DUS,Vienna,VIE,788,95,248.62
Dusseldorf,DUS,Copenhagen,CPH,621,80,218.56
Dusseldorf,DUS,Paris,CDG,392,80,241.66
Dusseldorf,DUS,Amsterdam,AMS,179,55,199.74
Dusseldorf,DUS,Frankfurt,FRA,187,55,198.25
Dusseldorf,DUS,Barcelona,BCN,1165,130,276.09
Dusseldorf,DUS,Berlin,BER,479,70,225.19
Dusseldorf,DUS,Madrid,MAD,1439,160,309.19
Dusseldorf,DUS,Helsinki,HEL,1512,145,297.4
Dusseldorf,DUS,Lisbon,LIS,1863,185,320.72
Dusseldorf,DUS,Warsaw,WAW,985,105,243.32
Dusseldorf,DUS,Malaga,AGP,1852,185,324.61
Dusseldorf,DUS,Stockholm,ARN,1166,120,302.44
Dusseldorf,DUS,Athens,ATH,2004,180,337.54
Dusseldorf,DUS,Dublin,DUB,916,110,250.73
Dusseldorf,DUS,Hamburg,HAM,342,60,201.31
Dusseldorf,DUS,Milan,MXP,644,95,284.62
Dusseldorf,DUS,Rome,FCO,1134,120,280.98
Dusseldorf,DUS,Las Palmas,LPA,3188,285,445.84
Dusseldorf,DUS,Milan,LIN,673,90,228.21
Dusseldorf,DUS,Prague,PRG,545,80,224.58
Dusseldorf,DUS,Budapest,BUD,1001,110,263.43
Dusseldorf,DUS,Gothenburg,GOT,795,90,247.71
Dusseldorf,DUS,Lyon,LYS,630,90,246.44
Dusseldorf,DUS,Naples,NAP,1291,135,272.99
Dusseldorf,DUS,Valencia,VLC,1425,150,290.75
Dusseldorf,DUS,Dresden,DRS,489,70,210.43
Dusseldorf,DUS,Krakow,KRK,929,105,248.27
Dusseldorf,DUS,Riga,RIX,1284,125,265.09
Dusseldorf,DUS,Milan,BGY,660,90,285.73
Dusseldorf,DUS,Malta,MLA,1821,170,306.15
Dusseldorf,DUS,Bucharest,OTP,1617,155,306.08
Dusseldorf,DUS,Larnaca,LCA,2818,235,423.0
Dusseldorf,DUS,Leipzig/Halle,LEJ,380,65,213.6
Dusseldorf,DUS,Marseille,MRS,878,105,262.89
Dusseldorf,DUS,Bordeaux,BOD,906,110,252.26
Dusseldorf,DUS,Palermo,PMO,1537,150,312.48
Dusseldorf,DUS,Zagreb,ZAG,921,100,244.26
Dusseldorf,DUS,Hanover,HAJ,240,50,193.33
Dusseldorf,DUS,Genoa,GOA,778,95,232.53
Dusseldorf,DUS,Vilnius,VNO,1294,138,273.09
Eindhoven,EIN,Malaga,AGP,1819,175,342.4
Eindhoven,EIN,Valencia,VLC,1405,140,308.53
Eindhoven,EIN,Rome,FCO,1194,125,313.76
Eindhoven,EIN,Sofia,SOF,1673,155,321.05
Eindhoven,EIN,Budapest,BUD,1098,115,296.21
Eindhoven,EIN,Barcelona,BCN,1156,125,298.87
Eindhoven,EIN,Milan,BGY,718,95,318.52
Eindhoven,EIN,Krakow,KRK,1025,110,281.06
Eindhoven,EIN,Lisbon,LIS,1807,180,343.5
Eindhoven,EIN,Bucharest,OTP,1714,160,338.86
Eindhoven,EIN,Warsaw,WAW,1075,110,276.11
Eindhoven,EIN,Sevilla,SVQ,1795,165,333.67
Eindhoven,EIN,Vilnius,VNO,1374,130,292.88
Eindhoven,EIN,Athens,ATH,2090,185,370.33
Eindhoven,EIN,Copenhagen,CPH,667,85,251.35
Eindhoven,EIN,Las Palmas,LPA,3137,275,463.63
Eindhoven,EIN,Bratislava,BTS,924,105,272.78
Eindhoven,EIN,Dublin,DUB,819,105,273.51
Eindhoven,EIN,Prague,PRG,643,80,252.37
Eindhoven,EIN,Zagreb,ZAG,1010,110,282.04
Eindhoven,EIN,Malta,MLA,1879,175,338.93
Eindhoven,EIN,Marseille,MRS,891,105,290.67
Eindhoven,EIN,Naples,NAP,1359,135,300.78
Eindhoven,EIN,Vienna,VIE,884,100,281.41
Eindhoven,EIN,Madrid,MAD,1400,155,331.97
Rome,FCO,Palermo,PMO,407,70,257.99
Rome,FCO,Madrid,MAD,1333,155,329.7
Rome,FCO,Barcelona,BCN,850,110,281.6
Rome,FCO,Milan,LIN,472,70,233.72
Rome,FCO,Paris,CDG,1101,130,317.18
Rome,FCO,Paris,ORY,1092,135,309.68
Rome,FCO,Athens,ATH,1087,120,303.05
Rome,FCO,Frankfurt,FRA,960,120,288.76
Rome,FCO,Amsterdam,AMS,1298,150,320.25
Rome,FCO,Munich,MUC,729,95,291.41
Rome,FCO,Lisbon,LIS,1843,190,351.23
Rome,FCO,Brussels,BRU,1173,135,304.41
Rome,FCO,Vienna,VIE,780,105,284.13
Rome,FCO,Malta,MLA,688,95,256.66
Rome,FCO,Berlin,BER,1179,130,310.71
Rome,FCO,Dublin,DUB,1888,200,366.24
Rome,FCO,Turin,TRN,530,75,247.37
Rome,FCO,Copenhagen,CPH,1538,155,319.08
Rome,FCO,Valencia,VLC,1105,130,296.26
Rome,FCO,Genoa,GOA,401,65,228.04
Rome,FCO,Naples,NAP,198,55,218.5
Rome,FCO,Prague,PRG,936,110,280.1
Rome,FCO,Malaga,AGP,1549,165,330.12
Rome,FCO,Warsaw,WAW,1328,150,313.83
Rome,FCO,Bucharest,OTP,1164,135,311.59
Rome,FCO,Lyon,LYS,723,95,276.95
Rome,FCO,Sofia,SOF,926,110,273.78
Rome,FCO,Stockholm,ARN,2024,190,397.96
Rome,FCO,Dusseldorf,DUS,1134,130,290.98
Rome,FCO,Helsinki,HEL,2236,205,382.91
Rome,FCO,Budapest,BUD,837,110,288.94
Rome,FCO,Paris,BVA,1160,135,392.18
Rome,FCO,Eindhoven,EIN,1194,135,323.76
Rome,FCO,Cologne,CGN,1083,125,298.52
Rome,FCO,Marseille,MRS,604,90,273.4
Rome,FCO,Milan,MXP,512,75,290.13
Rome,FCO,Sevilla,SVQ,1628,165,331.4
Rome,FCO,Hamburg,HAM,1326,145,311.82
Rome,FCO,Luxembourg,LUX,989,115,277.24
Rome,FCO,Stuttgart,STR,802,100,267.8
Rome,FCO,Vilnius,VNO,1719,170,330.61
Rome,FCO,Milan,BGY,476,80,301.24
Rome,FCO,Gothenburg,GOT,1765,170,353.22
Rome,FCO,Larnaca,LCA,2012,185,398.52
Rome,FCO,Krakow,KRK,1089,130,298.78
Rome,FCO,Riga,RIX,1879,180,345.6
Rome,FCO,Toulouse,TLS,913,115,277.68
Rome,FCO,Zagreb,ZAG,534,85,254.77
Rome,FCO,Hanover,HAJ,1201,125,293.84
Rome,FCO,Rotterdam,RTM,1274,145,305.03
Rome,FCO,Dortmund,DTM,1136,135,303.59
Rome,FCO,Bordeaux,BOD,1102,125,292.77
Rome,FCO,Warsaw,RDO,1266,140,435.04
Rome,FCO,Las Palmas,LPA,2938,270,456.36
Rome,FCO,Nuremberg,NUE,860,105,264.96
Frankfurt,FRA,Berlin,BER,430,70,232.97
Frankfurt,FRA,Hamburg,HAM,410,65,214.08
Frankfurt,FRA,Vienna,VIE,621,85,246.4
Frankfurt,FRA,Paris,CDG,450,75,244.44
Frankfurt,FRA,Munich,MUC,300,55,233.68
Frankfurt,FRA,Amsterdam,AMS,366,75,227.51
Frankfurt,FRA,Madrid,MAD,1423,165,321.96
Frankfurt,FRA,Milan,LIN,512,70,215.99
Frankfurt,FRA,Barcelona,BCN,1094,125,278.87
Frankfurt,FRA,Rome,FCO,960,110,278.76
Frankfurt,FRA,Brussels,BRU,305,60,211.68
Frankfurt,FRA,Lisbon,LIS,1877,190,333.5
Frankfurt,FRA,Athens,ATH,1818,170,335.32
Frankfurt,FRA,Warsaw,WAW,898,100,246.1
Frankfurt,FRA,Copenhagen,CPH,678,85,231.34
Frankfurt,FRA,Dublin,DUB,1087,130,278.51
Frankfurt,FRA,Milan,MXP,491,75,272.39
Frankfurt,FRA,Stockholm,ARN,1223,125,315.22
Frankfurt,FRA,Luxembourg,LUX,176,50,194.51
Frankfurt,FRA,Dusseldorf,DUS,187,50,193.25
Frankfurt,FRA,Gothenburg,GOT,882,95,260.49
Frankfurt,FRA,Leipzig/Halle,LEJ,299,55,211.38
Frankfurt,FRA,Prague,PRG,407,60,212.36
Frankfurt,FRA,Stuttgart,STR,157,40,190.06
Frankfurt,FRA,Budapest,BUD,837,95,256.21
Frankfurt,FRA,Helsinki,HEL,1539,145,305.17
Frankfurt,FRA,Zagreb,ZAG,736,80,232.03
Frankfurt,FRA,Krakow,KRK,802,95,246.05
Frankfurt,FRA,Bremen,BRE,334,55,194.91
Frankfurt,FRA,Nuremberg,NUE,190,40,182.23
Frankfurt,FRA,Hanover,HAJ,279,50,201.11
Frankfurt,FRA,Bucharest,OTP,1452,140,298.86
Frankfurt,FRA,Sofia,SOF,1400,135,281.04
Frankfurt,FRA,Dresden,DRS,386,60,208.21
Frankfurt,FRA,Lyon,LYS,547,75,239.22
Frankfurt,FRA,Malaga,AGP,1818,180,327.39
Frankfurt,FRA,Toulouse,TLS,899,105,249.95
Frankfurt,FRA,Tallinn,TLL,1468,140,281.2
Frankfurt,FRA,Ljubljana,LJU,609,70,236.05
Frankfurt,FRA,Malta,MLA,1648,155,298.93
Frankfurt,FRA,Poznan,POZ,633,75,221.22
Frankfurt,FRA,Riga,RIX,1272,125,272.87
Frankfurt,FRA,Naples,NAP,1111,120,265.77
Frankfurt,FRA,Marseille,MRS,777,95,260.67
Frankfurt,FRA,Vilnius,VNO,1243,125,267.87
Frankfurt,FRA,Valencia,VLC,1372,145,293.53
Frankfurt,FRA,Turin,TRN,544,80,234.64
Frankfurt,FRA,Bordeaux,BOD,907,105,255.04
Frankfurt,FRA,Larnaca,LCA,2638,225,420.78
Frankfurt,FRA,Las Palmas,LPA,3186,280,448.62
Frankfurt,FRA,Sevilla,SVQ,1817,175,323.66
Frankfurt,FRA,Palermo,PMO,1366,135,305.26
Frankfurt,FRA,Genoa,GOA,626,75,220.3
Genoa,GOA,Rome,FCO,401,65,228.04
Genoa,GOA,Amsterdam,AMS,928,115,261.79
Genoa,GOA,Munich,MUC,492,75,247.95
Genoa,GOA,Palermo,PMO,777,90,254.54
Genoa,GOA,Naples,NAP,593,85,225.05
Genoa,GOA,Barcelona,BCN,652,90,238.15
Genoa,GOA,Brussels,CRL,749,100,295.3
Genoa,GOA,Paris,ORY,690,100,251.23
Genoa,GOA,Bucharest,OTP,1367,135,288.14
Genoa,GOA,Copenhagen,CPH,1276,125,265.62
Genoa,GOA,Luxembourg,LUX,613,100,238.78
Genoa,GOA,Frankfurt,FRA,626,85,230.3
Genoa,GOA,Dusseldorf,DUS,778,100,237.53
Gothenburg,GOT,Stockholm,ARN,394,60,264.68
Gothenburg,GOT,Amsterdam,AMS,765,95,261.98
Gothenburg,GOT,Frankfurt,FRA,882,105,270.49
Gothenburg,GOT,Helsinki,HEL,784,115,289.63
Gothenburg,GOT,Stockholm,BMA,379,65,226.28
Gothenburg,GOT,Copenhagen,CPH,227,45,205.8
Gothenburg,GOT,Munich,MUC,1037,110,303.14
Gothenburg,GOT,Paris,CDG,1159,140,323.9
Gothenburg,GOT,Malaga,AGP,2641,230,391.85
Gothenburg,GOT,Brussels,BRU,907,105,271.14
Gothenburg,GOT,Dusseldorf,DUS,795,90,247.71
Gothenburg,GOT,Warsaw,WAW,825,95,255.56
Gothenburg,GOT,Vienna,VIE,1100,110,285.86
Gothenburg,GOT,Rome,FCO,1765,170,353.22
Gothenburg,GOT,Krakow,KRK,977,105,270.51
Gothenburg,GOT,Riga,RIX,708,80,242.33
Gothenburg,GOT,Berlin,BER,595,75,252.43
Gothenburg,GOT,Barcelona,BCN,1959,180,348.33
Gothenburg,GOT,Milan,BGY,1347,140,357.97
Gothenburg,GOT,Budapest,BUD,1231,125,300.67
Gothenburg,GOT,Prague,PRG,851,95,261.82
Gothenburg,GOT,Zagreb,ZAG,1352,135,301.49
Gothenburg,GOT,Hamburg,HAM,471,65,228.54
Gothenburg,GOT,Lyon,LYS,1417,215,393.68
Gothenburg,GOT,Brussels,CRL,951,110,325.49
Gothenburg,GOT,Las Palmas,LPA,3946,335,518.08
Gothenburg,GOT,Athens,ATH,2353,205,384.78
Hanover,HAJ,Munich,MUC,480,70,248.76
Hanover,HAJ,Frankfurt,FRA,279,55,206.11
Hanover,HAJ,Amsterdam,AMS,336,65,217.6
Hanover,HAJ,Vienna,VIE,686,85,246.49
Hanover,HAJ,Paris,CDG,632,95,264.53
Hanover,HAJ,Copenhagen,CPH,402,75,221.43
Hanover,HAJ,Las Palmas,LPA,3424,300,468.71
Hanover,HAJ,Rome,FCO,1201,125,293.84
Hanover,HAJ,Milan,BGY,755,95,298.6
Hanover,HAJ,Malaga,AGP,2076,200,347.48
Hanover,HAJ,Barcelona,BCN,1367,145,298.95
Hanover,HAJ,Naples,NAP,1333,140,285.86
Hanover,HAJ,Athens,ATH,1956,175,340.41
Hanover,HAJ,Larnaca,LCA,2720,230,425.87
Hanover,HAJ,Toulouse,TLS,1159,130,275.03
Hanover,HAJ,Stockholm,ARN,949,110,300.31
Hamburg,HAM,Munich,MUC,600,75,251.73
Hamburg,HAM,Frankfurt,FRA,410,70,219.08
Hamburg,HAM,Vienna,VIE,766,90,249.46
Hamburg,HAM,Stuttgart,STR,552,75,223.12
Hamburg,HAM,Paris,CDG,730,95,262.5
Hamburg,HAM,Amsterdam,AMS,381,70,220.57
Hamburg,HAM,Copenhagen,CPH,280,60,204.4
Hamburg,HAM,Barcelona,BCN,1493,155,306.93
Hamburg,HAM,Helsinki,HEL,1170,110,268.23
Hamburg,HAM,Warsaw,WAW,754,90,234.16
Hamburg,HAM,Brussels,BRU,484,70,219.74
Hamburg,HAM,Lisbon,LIS,2201,225,366.56
Hamburg,HAM,Dusseldorf,DUS,342,55,196.31
Hamburg,HAM,Madrid,MAD,1781,180,335.02
Hamburg,HAM,Dublin,DUB,1075,125,271.57
Hamburg,HAM,Stockholm,ARN,826,90,278.28
Hamburg,HAM,Malaga,AGP,2192,200,345.45
Hamburg,HAM,Cologne,CGN,364,60,213.85
Hamburg,HAM,Rome,FCO,1326,135,301.82
Hamburg,HAM,Luxembourg,LUX,516,80,222.56
Hamburg,HAM,Milan,MXP,895,105,300.45
Hamburg,HAM,Athens,ATH,2045,180,343.38
Hamburg,HAM,Milan,LIN,910,105,249.05
Hamburg,HAM,Riga,RIX,958,100,245.93
Hamburg,HAM,Milan,BGY,886,110,311.57
Hamburg,HAM,Budapest,BUD,950,100,259.27
Hamburg,HAM,Las Palmas,LPA,3529,310,476.68
Hamburg,HAM,Valencia,VLC,1760,165,311.59
Hamburg,HAM,Naples,NAP,1452,145,288.83
Hamburg,HAM,Bucharest,OTP,1540,155,311.92
Hamburg,HAM,Lyon,LYS,948,110,272.28
Hamburg,HAM,Bordeaux,BOD,1248,135,283.1
Hamburg,HAM,Gothenburg,GOT,471,65,228.54
Hamburg,HAM,Vilnius,VNO,1002,110,250.93
Hamburg,HAM,Larnaca,LCA,2784,240,433.84
Hamburg,HAM,Sofia,SOF,1567,155,299.1
Hamburg,HAM,Malta,MLA,2006,180,321.99
Hamburg,HAM,Nuremberg,NUE,466,65,205.29
Hamburg,HAM,Tallinn,TLL,1111,110,249.26
Helsinki,HEL,Stockholm,ARN,399,65,264.37
Helsinki,HEL,Tallinn,TLL,100,30,180.34
Helsinki,HEL,Copenhagen,CPH,894,100,255.49
Helsinki,HEL,Riga,RIX,382,70,227.02
Helsinki,HEL,Paris,CDG,1900,185,363.59
Helsinki,HEL,Amsterdam,AMS,1525,155,316.66
Helsinki,HEL,Munich,MUC,1577,155,342.82
Helsinki,HEL,Frankfurt,FRA,1539,160,320.17
Helsinki,HEL,Berlin,BER,1130,120,292.12
Helsinki,HEL,Gothenburg,GOT,784,120,294.63
Helsinki,HEL,Vilnius,VNO,632,100,252.02
Helsinki,HEL,Warsaw,WAW,939,100,255.25
Helsinki,HEL,Malaga,AGP,3356,285,441.54
Helsinki,HEL,Hamburg,HAM,1170,120,278.23
Helsinki,HEL,Krakow,KRK,1185,120,280.2
Helsinki,HEL,Dusseldorf,DUS,1512,150,302.4
Helsinki,HEL,Prague,PRG,1321,135,296.51
Helsinki,HEL,Brussels,BRU,1651,160,320.82
Helsinki,HEL,Vienna,VIE,1461,150,320.55
Helsinki,HEL,Milan,MXP,1954,185,391.54
Helsinki,HEL,Budapest,BUD,1481,145,315.36
Helsinki,HEL,Rome,FCO,2236,210,387.91
Helsinki,HEL,Barcelona,BCN,2631,235,398.02
Helsinki,HEL,Stockholm,BMA,407,75,230.96
Helsinki,HEL,Dublin,DUB,2028,200,357.66
Helsinki,HEL,Lisbon,LIS,3370,295,447.65
Helsinki,HEL,Madrid,MAD,2950,265,431.11
Helsinki,HEL,Milan,BGY,1915,190,402.66
Helsinki,HEL,Larnaca,LCA,2897,265,469.93
Helsinki,HEL,Athens,ATH,2490,220,394.47
Helsinki,HEL,Ljubljana,LJU,1712,155,330.2
Helsinki,HEL,Milan,LIN,1950,185,340.14
Helsinki,HEL,Naples,NAP,2283,210,364.92
Helsinki,HEL,Brussels,CRL,1688,180,390.17
Helsinki,HEL,Sofia,SOF,1964,170,325.19
Helsinki,HEL,Paris,BVA,1883,195,443.59
Helsinki,HEL,Las Palmas,LPA,4699,390,567.77
Krakow,KRK,Warsaw,WAW,247,50,196.12
Krakow,KRK,Frankfurt,FRA,802,100,251.05
Krakow,KRK,Amsterdam,AMS,1077,120,272.54
Krakow,KRK,Munich,MUC,613,80,258.7
Krakow,KRK,Vienna,VIE,320,65,226.43
Krakow,KRK,Helsinki,HEL,1185,110,270.2
Krakow,KRK,Paris,CDG,1249,140,309.47
Krakow,KRK,Milan,BGY,899,105,308.54
Krakow,KRK,Barcelona,BCN,1682,165,318.89
Krakow,KRK,Copenhagen,CPH,782,90,236.37
Krakow,KRK,Stockholm,ARN,1072,119,309.25
Krakow,KRK,Eindhoven,EIN,1025,115,286.06
Krakow,KRK,Paris,BVA,1272,135,374.47
Krakow,KRK,Dublin,DUB,1825,180,328.53
Krakow,KRK,Rome,CIA,1075,120,276.22
Krakow,KRK,Brussels,CRL,1092,120,321.05
Krakow,KRK,Berlin,BER,507,70,233.0
Krakow,KRK,Athens,ATH,1388,135,300.34
Krakow,KRK,Dusseldorf,DUS,929,105,248.27
Krakow,KRK,Milan,MXP,964,115,312.42
Krakow,KRK,Rome,FCO,1089,130,298.78
Krakow,KRK,Malaga,AGP,2448,230,377.41
Krakow,KRK,Gothenburg,GOT,977,110,275.51
Krakow,KRK,Malta,MLA,1637,158,301.95
Krakow,KRK,Valencia,VLC,1978,190,338.55
Krakow,KRK,Riga,RIX,810,95,242.9
Krakow,KRK,Brussels,BRU,1088,115,266.7
Krakow,KRK,Madrid,MAD,2106,213,369.99
Krakow,KRK,Marseille,MRS,1331,145,310.69
Krakow,KRK,Larnaca,LCA,2028,190,385.81
Krakow,KRK,Palermo,PMO,1423,140,310.28
Krakow,KRK,Dortmund,DTM,872,110,260.88
Krakow,KRK,Prague,PRG,395,70,222.39
Krakow,KRK,Stuttgart,STR,784,100,250.09
Krakow,KRK,Luxembourg,LUX,976,135,279.53
Krakow,KRK,Vilnius,VNO,630,80,222.9
Krakow,KRK,Toulouse,TLS,1571,165,309.97
Krakow,KRK,Turin,TRN,1060,120,274.66
Krakow,KRK,Lisbon,LIS,2600,250,393.52
Krakow,KRK,Lyon,LYS,1199,135,299.24
Krakow,KRK,Naples,NAP,1107,120,265.79
Krakow,KRK,Sevilla,SVQ,2481,230,378.69
Krakow,KRK,Las Palmas,LPA,3855,335,503.65
Larnaca,LCA,Athens,ATH,930,105,315.08
Larnaca,LCA,Vienna,VIE,2038,200,406.16
Larnaca,LCA,Frankfurt,FRA,2638,250,445.78
Larnaca,LCA,Prague,PRG,2308,225,422.12
Larnaca,LCA,Budapest,BUD,1836,190,395.97
Larnaca,LCA,Munich,MUC,2340,225,448.43
Larnaca,LCA,Malta,MLA,1737,165,353.69
Larnaca,LCA,Warsaw,WAW,2169,215,405.86
Larnaca,LCA,Milan,MXP,2417,235,477.15
Larnaca,LCA,Bucharest,OTP,1254,150,353.62
Larnaca,LCA,Sofia,SOF,1238,145,335.8
Larnaca,LCA,Helsinki,HEL,2897,285,489.93
Larnaca,LCA,Bratislava,BTS,2005,200,392.53
Larnaca,LCA,Paris,CDG,2983,280,494.2
Larnaca,LCA,Rome,FCO,2012,200,413.52
Larnaca,LCA,Amsterdam,AMS,2994,280,477.27
Larnaca,LCA,Dusseldorf,DUS,2818,265,453.0
Larnaca,LCA,Berlin,BER,2514,245,452.73
Larnaca,LCA,Paris,BVA,3032,300,584.2
Larnaca,LCA,Krakow,KRK,2028,205,400.81
Larnaca,LCA,Stockholm,ARN,2981,275,509.98
Larnaca,LCA,Barcelona,BCN,2839,270,468.63
Larnaca,LCA,Brussels,BRU,2939,285,481.43
Larnaca,LCA,Cologne,CGN,2774,260,460.55
Larnaca,LCA,Copenhagen,CPH,2809,250,441.1
Larnaca,LCA,Hanover,HAJ,2720,250,445.87
Larnaca,LCA,Paris,ORY,2987,275,476.71
Larnaca,LCA,Riga,RIX,2556,255,447.63
Larnaca,LCA,Stuttgart,STR,2525,240,434.82
Larnaca,LCA,Vilnius,VNO,2290,250,437.63
Larnaca,LCA,Hamburg,HAM,2784,255,448.84
Larnaca,LCA,Warsaw,RDO,2087,220,542.06
Leipzig/Halle,LEJ,Frankfurt,FRA,299,60,216.38
Leipzig/Halle,LEJ,Vienna,VIE,482,95,261.76
Leipzig/Halle,LEJ,Munich,MUC,342,60,244.03
Leipzig/Halle,LEJ,Dusseldorf,DUS,380,60,208.6
Leipzig/Halle,LEJ,Bucharest,OTP,1280,135,299.22
Leipzig/Halle,LEJ,Las Palmas,LPA,3481,310,483.98
Milan,LIN,Rome,FCO,472,70,233.72
Milan,LIN,Paris,CDG,642,95,259.41
Milan,LIN,Frankfurt,FRA,512,80,225.99
Milan,LIN,Amsterdam,AMS,830,115,262.48
Milan,LIN,Palermo,PMO,867,95,260.22
Milan,LIN,Naples,NAP,651,80,220.73
Milan,LIN,Brussels,BRU,701,95,241.64
Milan,LIN,Paris,ORY,638,90,241.91
Milan,LIN,Madrid,MAD,1182,143,294.93
Milan,LIN,Berlin,BER,827,100,257.94
Milan,LIN,Munich,MUC,374,70,243.64
Milan,LIN,Dusseldorf,DUS,673,90,228.21
Milan,LIN,Stuttgart,STR,359,65,210.03
Milan,LIN,Malta,MLA,1154,120,258.89
Milan,LIN,Stockholm,ARN,1681,160,345.19
Milan,LIN,Dublin,DUB,1427,150,293.47
Milan,LIN,Hamburg,HAM,910,105,249.05
Milan,LIN,Helsinki,HEL,1950,180,335.14
Milan,LIN,Barcelona,BCN,743,105,253.83
Milan,LIN,Luxembourg,LUX,517,75,214.47
Lisbon,LIS,Madrid,MAD,514,80,229.44
Lisbon,LIS,Paris,ORY,1439,145,294.42
Lisbon,LIS,Barcelona,BCN,995,110,256.34
Lisbon,LIS,Amsterdam,AMS,1848,180,324.99
Lisbon,LIS,Milan,MXP,1653,160,349.87
Lisbon,LIS,Frankfurt,FRA,1877,185,328.5
Lisbon,LIS,Rome,FCO,1843,175,336.23
Lisbon,LIS,Brussels,BRU,1718,165,309.15
Lisbon,LIS,Paris,CDG,1471,155,316.91
Lisbon,LIS,Dublin,DUB,1644,170,310.98
Lisbon,LIS,Munich,MUC,1987,185,356.15
Lisbon,LIS,Lyon,LYS,1400,140,296.69
Lisbon,LIS,Sevilla,SVQ,320,65,206.14
Lisbon,LIS,Luxembourg,LUX,1714,165,301.98
Lisbon,LIS,Marseille,MRS,1310,135,293.14
Lisbon,LIS,Malaga,AGP,470,75,214.86
Lisbon,LIS,Dusseldorf,DUS,1863,175,310.72
Lisbon,LIS,Berlin,BER,2307,205,360.44
Lisbon,LIS,Toulouse,TLS,1031,110,247.42
Lisbon,LIS,Valencia,VLC,752,90,231.0
Lisbon,LIS,Copenhagen,CPH,2475,220,358.81
Lisbon,LIS,Hamburg,HAM,2201,200,341.56
Lisbon,LIS,Vienna,VIE,2309,205,358.87
Lisbon,LIS,Athens,ATH,2876,235,392.79
Lisbon,LIS,Milan,BGY,1727,165,360.98
Lisbon,LIS,Brussels,CRL,1682,160,353.5
Lisbon,LIS,Prague,PRG,2233,200,344.83
Lisbon,LIS,Bordeaux,BOD,970,110,252.51
Lisbon,LIS,Eindhoven,EIN,1807,175,338.5
Lisbon,LIS,Naples,NAP,2012,185,323.24
Lisbon,LIS,Stockholm,ARN,3003,255,437.7
Lisbon,LIS,Budapest,BUD,2485,215,368.68
Lisbon,LIS,Paris,BVA,1486,150,381.92
Lisbon,LIS,Cologne,CGN,1852,175,323.26
Lisbon,LIS,Warsaw,WAW,2754,240,378.57
Lisbon,LIS,Helsinki,HEL,3370,275,427.65
Lisbon,LIS,Rotterdam,RTM,1803,165,299.77
Lisbon,LIS,Stuttgart,STR,1834,175,317.53
Lisbon,LIS,Las Palmas,LPA,1334,140,301.09
Lisbon,LIS,Sofia,SOF,2765,235,373.52
Lisbon,LIS,Malta,MLA,2113,185,321.4
Lisbon,LIS,Bucharest,OTP,2977,255,406.33
Lisbon,LIS,Riga,RIX,3143,260,400.34
Lisbon,LIS,Poznan,POZ,2507,220,358.69
Lisbon,LIS,Vilnius,VNO,3119,270,405.34
Lisbon,LIS,Krakow,KRK,2600,230,373.52
Ljubljana,LJU,Frankfurt,FRA,609,85,251.05
Ljubljana,LJU,Munich,MUC,310,55,248.7
Ljubljana,LJU,Warsaw,WAW,812,95,256.12
Ljubljana,LJU,Brussels,BRU,899,105,271.7
Ljubljana,LJU,Paris,CDG,944,120,304.47
Ljubljana,LJU,Amsterdam,AMS,975,125,292.54
Ljubljana,LJU,Helsinki,HEL,1712,160,335.2
Ljubljana,LJU,Paris,ORY,951,120,291.97
Ljubljana,LJU,Copenhagen,CPH,1053,115,276.37
Ljubljana,LJU,Athens,ATH,1208,115,295.34
Ljubljana,LJU,Luxembourg,LUX,722,115,274.53
Ljubljana,LJU,Riga,RIX,1357,135,297.89
Ljubljana,LJU,Madrid,MAD,1589,155,326.99
Las Palmas,LPA,Madrid,MAD,1764,165,339.56
Las Palmas,LPA,Barcelona,BCN,2174,195,366.46
Las Palmas,LPA,Malaga,AGP,1409,140,304.99
Las Palmas,LPA,Amsterdam,AMS,3181,280,450.11
Las Palmas,LPA,Sevilla,SVQ,1376,135,301.26
Las Palmas,LPA,Dusseldorf,DUS,3188,275,435.84
Las Palmas,LPA,Frankfurt,FRA,3186,280,448.62
Las Palmas,LPA,Dublin,DUB,2929,255,421.11
Las Palmas,LPA,Brussels,BRU,3049,285,454.27
Las Palmas,LPA,Munich,MUC,3255,275,471.27
Las Palmas,LPA,Paris,CDG,2799,255,442.04
Las Palmas,LPA,Cologne,CGN,3174,270,443.39
Las Palmas,LPA,Hanover,HAJ,3424,285,453.71
Las Palmas,LPA,Valencia,VLC,1880,175,341.12
Las Palmas,LPA,Stuttgart,STR,3123,270,437.66
Las Palmas,LPA,Eindhoven,EIN,3137,280,468.63
Las Palmas,LPA,Hamburg,HAM,3529,300,466.68
Las Palmas,LPA,Lisbon,LIS,1334,135,296.09
Las Palmas,LPA,Milan,MXP,2891,255,469.99
Las Palmas,LPA,Rotterdam,RTM,3136,280,439.9
Las Palmas,LPA,Vienna,VIE,3546,295,474.0
Las Palmas,LPA,Berlin,BER,3615,300,480.57
Las Palmas,LPA,Copenhagen,CPH,3805,320,483.94
Las Palmas,LPA,Stockholm,ARN,4336,355,562.82
Las Palmas,LPA,Milan,BGY,2957,250,471.11
Las Palmas,LPA,Rome,FCO,2938,250,436.36
Las Palmas,LPA,Leipzig/Halle,LEJ,3481,290,463.98
Las Palmas,LPA,Luxembourg,LUX,3030,255,417.1
Las Palmas,LPA,Zaragoza,ZAZ,2007,185,353.75
Las Palmas,LPA,Paris,ORY,2766,255,429.54
Las Palmas,LPA,Prague,PRG,3513,285,454.96
Las Palmas,LPA,Riga,RIX,4458,355,520.47
Las Palmas,LPA,Budapest,BUD,3696,305,483.81
Las Palmas,LPA,Brussels,CRL,3010,260,478.62
Las Palmas,LPA,Gothenburg,GOT,3946,330,513.08
Las Palmas,LPA,Helsinki,HEL,4699,375,552.77
Las Palmas,LPA,Krakow,KRK,3855,320,488.65
Las Palmas,LPA,Lyon,LYS,2673,240,421.82
Las Palmas,LPA,Nuremberg,NUE,3286,290,449.83
Las Palmas,LPA,Antwerp,ANR,3072,295,455.22
Las Palmas,LPA,Toulouse,TLS,2299,215,377.54
Las Palmas,LPA,Naples,NAP,3062,265,428.37
Las Palmas,LPA,Tallinn,TLL,4639,360,518.79
Las Palmas,LPA,Vilnius,VNO,4413,345,505.47
Las Palmas,LPA,Athens,ATH,3810,305,487.92
Luxembourg,LUX,Frankfurt,FRA,176,50,194.51
Luxembourg,LUX,Munich,MUC,432,65,237.16
Luxembourg,LUX,Amsterdam,AMS,314,70,215.99
Luxembourg,LUX,Lisbon,LIS,1714,175,311.98
Luxembourg,LUX,Paris,CDG,273,60,222.92
Luxembourg,LUX,Milan,MXP,483,75,265.87
Luxembourg,LUX,Vienna,VIE,777,110,264.88
Luxembourg,LUX,Berlin,BER,595,90,246.45
Luxembourg,LUX,Barcelona,BCN,980,115,262.35
Luxembourg,LUX,Rome,FCO,989,110,272.24
Luxembourg,LUX,Madrid,MAD,1272,150,300.44
Luxembourg,LUX,Copenhagen,CPH,796,110,249.82
Luxembourg,LUX,Dublin,DUB,960,120,261.99
Luxembourg,LUX,Warsaw,WAW,1074,110,249.58
Luxembourg,LUX,Hamburg,HAM,516,80,222.56
Luxembourg,LUX,Malaga,AGP,1678,165,305.87
Luxembourg,LUX,Milan,BGY,512,75,271.99
Luxembourg,LUX,Budapest,BUD,993,130,284.69
Luxembourg,LUX,Malta,MLA,1672,155,292.41
Luxembourg,LUX,Prague,PRG,581,85,230.84
Luxembourg,LUX,Bucharest,OTP,1603,140,292.34
Luxembourg,LUX,Stockholm,ARN,1343,165,348.7
Luxembourg,LUX,Athens,ATH,1921,170,328.8
Luxembourg,LUX,Marseille,MRS,692,95,254.15
Luxembourg,LUX,Toulouse,TLS,762,100,238.43
Luxembourg,LUX,Bordeaux,BOD,746,115,258.52
Luxembourg,LUX,Sevilla,SVQ,1668,165,307.14
Luxembourg,LUX,Milan,LIN,517,75,214.47
Luxembourg,LUX,Las Palmas,LPA,3030,270,432.1
Luxembourg,LUX,Naples,NAP,1159,130,269.25
Luxembourg,LUX,Palermo,PMO,1385,130,293.74
Luxembourg,LUX,Ljubljana,LJU,722,110,269.53
Luxembourg,LUX,Krakow,KRK,976,135,279.53
Luxembourg,LUX,Valencia,VLC,1244,165,307.01
Luxembourg,LUX,Genoa,GOA,613,100,238.78
Luxembourg,LUX,Rotterdam,RTM,286,65,200.78
Lyon,LYS,Paris,CDG,411,70,252.64
Lyon,LYS,Bordeaux,BOD,464,70,233.23
Lyon,LYS,Lisbon,LIS,1400,155,311.69
Lyon,LYS,Amsterdam,AMS,732,100,265.71
Lyon,LYS,Toulouse,TLS,374,65,223.14
Lyon,LYS,Frankfurt,FRA,547,90,254.22
Lyon,LYS,Madrid,MAD,911,115,285.16
Lyon,LYS,Munich,MUC,587,80,271.87
Lyon,LYS,Rome,FCO,723,90,271.95
Lyon,LYS,Barcelona,BCN,547,80,247.06
Lyon,LYS,Marseille,MRS,253,55,233.86
Lyon,LYS,Brussels,BRU,577,85,249.87
Lyon,LYS,Athens,ATH,1783,165,343.51
Lyon,LYS,Milan,MXP,283,60,270.59
Lyon,LYS,Dublin,DUB,1182,140,301.7
Lyon,LYS,Vienna,VIE,913,100,274.59
Lyon,LYS,Naples,NAP,919,110,268.96
Lyon,LYS,Malaga,AGP,1284,140,300.58
Lyon,LYS,Dusseldorf,DUS,630,85,241.44
Lyon,LYS,Palermo,PMO,1067,110,293.45
Lyon,LYS,Prague,PRG,841,105,270.56
Lyon,LYS,Malta,MLA,1351,130,287.12
Lyon,LYS,Valencia,VLC,828,105,266.72
Lyon,LYS,Hamburg,HAM,948,115,277.28
Lyon,LYS,Budapest,BUD,1101,115,289.4
Lyon,LYS,Copenhagen,CPH,1223,135,294.54
Lyon,LYS,Gothenburg,GOT,1417,205,383.68
Lyon,LYS,Krakow,KRK,1199,130,294.24
Lyon,LYS,Bucharest,OTP,1651,160,332.05
Lyon,LYS,Sevilla,SVQ,1296,140,301.86
Lyon,LYS,Berlin,BER,960,115,291.17
Lyon,LYS,Stockholm,ARN,1769,165,368.42
Lyon,LYS,Las Palmas,LPA,2673,240,421.82
Lyon,LYS,Warsaw,WAW,1362,145,304.29
Madrid,MAD,Lisbon,LIS,514,80,229.44
Madrid,MAD,Barcelona,BCN,483,75,234.81
Madrid,MAD,Las Palmas,LPA,1764,175,349.56
Madrid,MAD,Rome,FCO,1333,145,319.7
Madrid,MAD,Paris,ORY,1028,120,282.89
Madrid,MAD,Paris,CDG,1062,125,300.38
Madrid,MAD,Amsterdam,AMS,1459,155,313.45
Madrid,MAD,Frankfurt,FRA,1423,155,311.96
Madrid,MAD,Brussels,BRU,1313,145,302.62
Madrid,MAD,Munich,MUC,1498,155,339.62
Madrid,MAD,Milan,MXP,1149,130,333.33
Madrid,MAD,Malaga,AGP,431,75,228.33
Madrid,MAD,Athens,ATH,2383,215,386.26
Madrid,MAD,Valencia,VLC,286,60,214.47
Madrid,MAD,Dublin,DUB,1452,160,314.45
Madrid,MAD,Vienna,VIE,1808,180,347.34
Madrid,MAD,Berlin,BER,1852,185,353.91
Madrid,MAD,Sevilla,SVQ,396,70,224.6
Madrid,MAD,Dusseldorf,DUS,1439,155,304.19
Madrid,MAD,Marseille,MRS,798,105,276.61
Madrid,MAD,Lyon,LYS,911,110,280.16
Madrid,MAD,Milan,LIN,1182,130,281.93
Madrid,MAD,Toulouse,TLS,537,80,230.88
Madrid,MAD,Prague,PRG,1752,175,333.3
Madrid,MAD,Budapest,BUD,1978,190,357.15
Madrid,MAD,Naples,NAP,1507,150,301.71
Madrid,MAD,Hamburg,HAM,1781,175,330.02
Madrid,MAD,Bordeaux,BOD,536,85,240.98
Madrid,MAD,Warsaw,WAW,2274,215,367.04
Madrid,MAD,Copenhagen,CPH,2061,200,352.28
Madrid,MAD,Bucharest,OTP,2462,233,397.8
Madrid,MAD,Sofia,SOF,2253,205,356.98
Madrid,MAD,Milan,BGY,1221,135,344.45
Madrid,MAD,Stockholm,ARN,2603,235,431.16
Madrid,MAD,Luxembourg,LUX,1272,140,290.44
Madrid,MAD,Malta,MLA,1660,160,309.87
Madrid,MAD,Turin,TRN,1053,125,285.57
Madrid,MAD,Helsinki,HEL,2950,250,416.11
Madrid,MAD,Bucharest,BBU,2463,235,387.38
Madrid,MAD,Zagreb,ZAG,1694,165,322.97
Madrid,MAD,Brussels,CRL,1271,140,346.96
Madrid,MAD,Paris,BVA,1091,130,375.38
Madrid,MAD,Krakow,KRK,2106,200,356.99
Madrid,MAD,Palermo,PMO,1457,148,324.2
Madrid,MAD,Riga,RIX,2695,245,398.81
Madrid,MAD,Eindhoven,EIN,1400,155,331.97
Madrid,MAD,Ljubljana,LJU,1589,160,331.99
Malta,MLA,Rome,FCO,688,95,256.66
Malta,MLA,Munich,MUC,1406,150,321.58
Malta,MLA,Frankfurt,FRA,1648,165,308.93
Malta,MLA,Vienna,VIE,1373,140,294.3
Malta,MLA,Paris,ORY,1741,175,324.85
Malta,MLA,Athens,ATH,873,95,253.22
Malta,MLA,Budapest,BUD,1345,135,289.11
Malta,MLA,Paris,CDG,1755,180,342.35
Malta,MLA,Milan,LIN,1154,120,258.89
Malta,MLA,Amsterdam,AMS,1983,205,350.42
Malta,MLA,Barcelona,BCN,1238,135,281.77
Malta,MLA,Madrid,MAD,1660,175,324.87
Malta,MLA,Naples,NAP,559,80,218.67
Malta,MLA,Milan,BGY,1162,120,316.42
Malta,MLA,Brussels,BRU,1854,185,329.58
Malta,MLA,Brussels,CRL,1813,175,368.93
Malta,MLA,Larnaca,LCA,1737,143,331.69
Malta,MLA,Zagreb,ZAG,1105,115,259.94
Malta,MLA,Marseille,MRS,1157,125,283.57
Malta,MLA,Milan,MXP,1189,125,315.3
Malta,MLA,Bucharest,OTP,1379,140,291.76
Malta,MLA,Dusseldorf,DUS,1821,180,316.15
Malta,MLA,Krakow,KRK,1637,160,303.95
Malta,MLA,Lyon,LYS,1351,145,302.12
Malta,MLA,Bratislava,BTS,1386,140,280.68
Malta,MLA,Paris,BVA,1815,180,412.35
Malta,MLA,Luxembourg,LUX,1672,155,292.41
Malta,MLA,Riga,RIX,2447,215,355.77
Malta,MLA,Sofia,SOF,1079,110,248.95
Malta,MLA,Toulouse,TLS,1415,145,282.85
Malta,MLA,Valencia,VLC,1379,145,286.43
Malta,MLA,Cologne,CGN,1771,170,318.7
Malta,MLA,Dublin,DUB,2534,240,381.41
Malta,MLA,Lisbon,LIS,2113,210,346.4
Malta,MLA,Palermo,PMO,287,85,248.16
Malta,MLA,Poznan,POZ,1849,170,309.12
Malta,MLA,Prague,PRG,1583,150,295.27
Malta,MLA,Turin,TRN,1187,125,272.54
Malta,MLA,Vilnius,VNO,2247,195,330.78
Malta,MLA,Warsaw,WAW,1884,180,319.0
Malta,MLA,Berlin,BER,1836,175,330.88
Malta,MLA,Stockholm,ARN,2657,235,418.13
Malta,MLA,Bordeaux,BOD,1627,160,302.94
Malta,MLA,Copenhagen,CPH,2202,190,329.25
Malta,MLA,Eindhoven,EIN,1879,180,343.93
Malta,MLA,Sevilla,SVQ,1828,175,316.57
Malta,MLA,Hamburg,HAM,2006,185,326.99
Malta,MLA,Tallinn,TLL,2724,240,374.1
Marseille,MRS,Paris,CDG,651,95,279.09
Marseille,MRS,Paris,ORY,627,85,256.59
Marseille,MRS,Bordeaux,BOD,498,70,234.68
Marseille,MRS,Madrid,MAD,798,105,276.61
Marseille,MRS,Amsterdam,AMS,986,130,297.16
Marseille,MRS,Toulouse,TLS,311,60,219.59
Marseille,MRS,Lisbon,LIS,1310,145,303.14
Marseille,MRS,Munich,MUC,746,95,288.32
Marseille,MRS,Frankfurt,FRA,777,105,270.67
Marseille,MRS,Lyon,LYS,253,55,233.86
Marseille,MRS,Brussels,CRL,782,100,315.67
Marseille,MRS,Brussels,BRU,830,105,271.32
Marseille,MRS,Rome,FCO,604,85,268.4
Marseille,MRS,Milan,MXP,368,75,287.04
Marseille,MRS,Malaga,AGP,1117,120,282.03
Marseille,MRS,Barcelona,BCN,351,70,238.51
Marseille,MRS,Dublin,DUB,1393,155,318.15
Marseille,MRS,Athens,ATH,1692,160,339.96
Marseille,MRS,Palermo,PMO,884,100,284.9
Marseille,MRS,Vienna,VIE,1022,110,286.04
Marseille,MRS,Malta,MLA,1157,115,273.57
Marseille,MRS,Valencia,VLC,646,85,248.17
Marseille,MRS,Berlin,BER,1167,130,307.62
Marseille,MRS,Naples,NAP,800,95,255.41
Marseille,MRS,Milan,BGY,432,70,288.15
Marseille,MRS,Krakow,KRK,1331,135,300.69
Marseille,MRS,Prague,PRG,1011,115,282.01
Marseille,MRS,Dusseldorf,DUS,878,100,257.89
Marseille,MRS,Sevilla,SVQ,1154,125,288.31
Marseille,MRS,Budapest,BUD,1182,120,295.85
Marseille,MRS,Copenhagen,CPH,1456,160,320.99
Marseille,MRS,Luxembourg,LUX,692,90,249.15
Marseille,MRS,Eindhoven,EIN,891,115,300.67
Marseille,MRS,Zagreb,ZAG,896,105,271.68
Marseille,MRS,Bucharest,OTP,1672,155,328.5
Marseille,MRS,Stockholm,ARN,1999,190,394.87
Munich,MUC,Hamburg,HAM,600,75,251.73
Munich,MUC,Dusseldorf,DUS,486,70,240.9
Munich,MUC,Frankfurt,FRA,300,60,238.68
Munich,MUC,Amsterdam,AMS,665,95,275.17
Munich,MUC,Berlin,BER,462,65,255.62
Munich,MUC,Paris,CDG,682,95,292.09
Munich,MUC,Madrid,MAD,1498,165,349.62
Munich,MUC,Cologne,CGN,438,65,248.44
Munich,MUC,Barcelona,BCN,1095,125,306.52
Munich,MUC,Athens,ATH,1518,145,337.97
Munich,MUC,Rome,FCO,729,90,286.41
Munich,MUC,Brussels,BRU,598,80,259.33
Munich,MUC,Copenhagen,CPH,811,95,268.99
Munich,MUC,Warsaw,WAW,779,95,268.75
Munich,MUC,Vienna,VIE,355,65,254.05
Munich,MUC,Hanover,HAJ,480,65,243.76
Munich,MUC,Stockholm,ARN,1318,130,347.87
Munich,MUC,Milan,MXP,382,65,290.04
Munich,MUC,Lisbon,LIS,1987,200,371.15
Munich,MUC,Stuttgart,STR,195,45,222.71
Munich,MUC,Bremen,BRE,564,70,237.56
Munich,MUC,Helsinki,HEL,1577,150,337.82
Munich,MUC,Naples,NAP,853,100,273.42
Munich,MUC,Luxembourg,LUX,432,65,237.16
Munich,MUC,Budapest,BUD,567,75,263.86
Munich,MUC,Dresden,DRS,339,55,230.86
Munich,MUC,Zagreb,ZAG,435,65,244.68
Munich,MUC,Dublin,DUB,1383,150,326.16
Munich,MUC,Krakow,KRK,613,80,258.7
Munich,MUC,Lyon,LYS,587,75,266.87
Munich,MUC,Marseille,MRS,746,100,293.32
Munich,MUC,Prague,PRG,265,50,230.01
Munich,MUC,Turin,TRN,472,75,257.29
Munich,MUC,Bucharest,OTP,1173,120,306.51
Munich,MUC,Sofia,SOF,1103,110,283.69
Munich,MUC,Malta,MLA,1406,135,306.58
Munich,MUC,Toulouse,TLS,961,105,277.6
Munich,MUC,Gothenburg,GOT,1037,110,303.14
Munich,MUC,Palermo,PMO,1134,115,312.91
Munich,MUC,Poznan,POZ,576,70,243.87
Munich,MUC,Malaga,AGP,1856,180,355.04
Munich,MUC,Genoa,GOA,492,70,242.95
Munich,MUC,Milan,LIN,374,60,233.64
Munich,MUC,Ljubljana,LJU,310,50,243.7
Munich,MUC,Riga,RIX,1257,125,300.52
Munich,MUC,Tallinn,TLL,1493,140,308.85
Munich,MUC,Dortmund,DTM,462,75,253.51
Munich,MUC,Larnaca,LCA,2340,205,428.43
Munich,MUC,Leipzig/Halle,LEJ,342,60,244.03
Munich,MUC,Las Palmas,LPA,3255,290,486.27
Munich,MUC,Sevilla,SVQ,1879,180,356.31
Munich,MUC,Valencia,VLC,1389,145,321.18
Munich,MUC,Vilnius,VNO,1166,120,290.52
Munich,MUC,Bordeaux,BOD,1032,115,292.69
Milan,MXP,Barcelona,BCN,720,100,300.24
Milan,MXP,Paris,CDG,596,90,305.81
Milan,MXP,Madrid,MAD,1149,140,343.33
Milan,MXP,Lisbon,LIS,1653,175,364.87
Milan,MXP,Palermo,PMO,902,105,321.63
Milan,MXP,Amsterdam,AMS,797,115,313.88
Milan,MXP,Naples,NAP,694,90,282.14
Milan,MXP,Athens,ATH,1523,150,361.69
Milan,MXP,Vienna,VIE,659,90,297.77
Milan,MXP,Frankfurt,FRA,491,80,277.39
Milan,MXP,Copenhagen,CPH,1146,125,317.71
Milan,MXP,Munich,MUC,382,70,295.04
Milan,MXP,Budapest,BUD,833,100,307.58
Milan,MXP,Prague,PRG,648,90,288.73
Milan,MXP,Malaga,AGP,1485,160,353.76
Milan,MXP,Paris,ORY,591,90,293.32
Milan,MXP,Dusseldorf,DUS,644,95,284.62
Milan,MXP,Luxembourg,LUX,483,80,270.87
Milan,MXP,Warsaw,WAW,1153,130,322.47
Milan,MXP,Helsinki,HEL,1954,185,391.54
Milan,MXP,Brussels,BRU,664,90,288.05
Milan,MXP,Dublin,DUB,1382,155,349.88
Milan,MXP,Paris,BVA,654,105,390.81
Milan,MXP,Rome,FCO,512,80,295.13
Milan,MXP,Lyon,LYS,283,60,270.59
Milan,MXP,Marseille,MRS,368,75,287.04
Milan,MXP,Stuttgart,STR,342,65,261.43
Milan,MXP,Valencia,VLC,1015,120,314.9
Milan,MXP,Hamburg,HAM,895,105,300.45
Milan,MXP,Berlin,BER,826,105,314.34
Milan,MXP,Stockholm,ARN,1676,160,396.59
Milan,MXP,Cologne,CGN,595,85,287.16
Milan,MXP,Malta,MLA,1189,125,315.3
Milan,MXP,Bucharest,OTP,1369,135,340.23
Milan,MXP,Riga,RIX,1639,160,354.24
Milan,MXP,Tallinn,TLL,1872,180,367.57
Milan,MXP,Vilnius,VNO,1545,155,344.24
Milan,MXP,Bordeaux,BOD,744,95,291.41
Milan,MXP,Krakow,KRK,964,115,312.42
Milan,MXP,Larnaca,LCA,2417,210,452.15
Milan,MXP,Sevilla,SVQ,1518,160,355.03
Milan,MXP,Sofia,SOF,1218,115,307.41
Milan,MXP,Toulouse,TLS,622,90,281.31
Milan,MXP,Las Palmas,LPA,2891,270,484.99
Milan,MXP,Bratislava,BTS,706,80,274.14
Naples,NAP,Milan,LIN,651,80,220.73
Naples,NAP,Milan,MXP,694,95,287.14
Naples,NAP,Paris,CDG,1289,145,309.19
Naples,NAP,Palermo,PMO,316,60,225.0
Naples,NAP,Munich,MUC,853,105,278.42
Naples,NAP,Rome,FCO,198,55,218.5
Naples,NAP,Paris,ORY,1281,140,291.69
Naples,NAP,Barcelona,BCN,1026,120,268.61
Naples,NAP,Vienna,VIE,823,100,256.15
Naples,NAP,Milan,BGY,648,90,288.26
Naples,NAP,Frankfurt,FRA,1111,130,275.77
Naples,NAP,Amsterdam,AMS,1461,165,312.26
Naples,NAP,Turin,TRN,722,95,244.38
Naples,NAP,Athens,ATH,893,100,260.06
Naples,NAP,Madrid,MAD,1507,165,316.71
Naples,NAP,Dublin,DUB,2076,205,348.25
Naples,NAP,Bucharest,OTP,1047,125,278.6
Naples,NAP,Budapest,BUD,828,100,255.95
Naples,NAP,Berlin,BER,1277,140,297.72
Naples,NAP,Lisbon,LIS,2012,200,338.24
Naples,NAP,Copenhagen,CPH,1643,160,301.09
Naples,NAP,Brussels,CRL,1308,140,335.77
Naples,NAP,Lyon,LYS,919,110,268.96
Naples,NAP,Malta,MLA,559,75,213.67
Naples,NAP,Brussels,BRU,1345,145,291.42
Naples,NAP,Dusseldorf,DUS,1291,140,277.99
Naples,NAP,Stuttgart,STR,956,110,254.81
Naples,NAP,Genoa,GOA,593,85,225.05
Naples,NAP,Prague,PRG,1024,120,267.11
Naples,NAP,Sofia,SOF,783,100,240.79
Naples,NAP,Marseille,MRS,800,105,265.41
Naples,NAP,Bordeaux,BOD,1299,140,284.78
Naples,NAP,Helsinki,HEL,2283,200,354.92
Naples,NAP,Malaga,AGP,1693,170,312.13
Naples,NAP,Cologne,CGN,1240,135,285.54
Naples,NAP,Hamburg,HAM,1452,150,293.83
Naples,NAP,Valencia,VLC,1265,140,283.27
Naples,NAP,Warsaw,WAW,1353,145,285.84
Naples,NAP,Eindhoven,EIN,1359,148,313.78
Naples,NAP,Paris,BVA,1347,150,384.19
Naples,NAP,Hanover,HAJ,1333,140,285.86
Naples,NAP,Nuremberg,NUE,989,115,251.97
Naples,NAP,Riga,RIX,1915,175,317.62
Naples,NAP,Zagreb,ZAG,557,80,226.78
Naples,NAP,Krakow,KRK,1107,125,270.79
Naples,NAP,Luxembourg,LUX,1159,140,279.25
Naples,NAP,Sevilla,SVQ,1782,175,318.41
Naples,NAP,Toulouse,TLS,1107,125,264.69
Naples,NAP,Stockholm,ARN,2102,195,379.97
Naples,NAP,Las Palmas,LPA,3062,290,453.37
Dusseldorf,NRN,Malaga,AGP,1859,180,401.68
Dusseldorf,NRN,Milan,BGY,709,100,377.8
Dusseldorf,NRN,Zagreb,ZAG,977,105,331.32
Dusseldorf,NRN,Copenhagen,CPH,620,85,305.63
Dusseldorf,NRN,Sevilla,SVQ,1838,180,402.95
Nuremberg,NUE,Frankfurt,FRA,190,50,192.23
Nuremberg,NUE,Amsterdam,AMS,543,80,223.72
Nuremberg,NUE,Paris,CDG,621,95,255.65
Nuremberg,NUE,Barcelona,BCN,1149,135,280.07
Nuremberg,NUE,Palermo,PMO,1266,128,289.46
Nuremberg,NUE,Malaga,AGP,1898,185,323.59
Nuremberg,NUE,Budapest,BUD,646,80,232.41
Nuremberg,NUE,Vilnius,VNO,1126,115,249.08
Nuremberg,NUE,Rome,FCO,860,105,264.96
Nuremberg,NUE,Sevilla,SVQ,1911,180,319.87
Nuremberg,NUE,Naples,NAP,989,115,251.97
Nuremberg,NUE,Athens,ATH,1645,150,306.52
Nuremberg,NUE,Valencia,VLC,1438,150,289.73
Nuremberg,NUE,Bucharest,OTP,1261,130,280.06
Nuremberg,NUE,Sofia,SOF,1215,120,257.25
Nuremberg,NUE,Las Palmas,LPA,3286,285,444.83
Nuremberg,NUE,Hamburg,HAM,466,65,205.29
Stockholm,NYO,Warsaw,WAW,779,95,359.46
Stockholm,NYO,Bucharest,OTP,1699,165,442.22
Stockholm,NYO,Malaga,AGP,2907,250,515.75
Paris,ORY,Toulouse,TLS,571,75,225.87
Paris,ORY,Lisbon,LIS,1439,150,299.42
Paris,ORY,Madrid,MAD,1028,125,287.89
Paris,ORY,Rome,FCO,1092,125,299.68
Paris,ORY,Barcelona,BCN,825,100,259.79
Paris,ORY,Malaga,AGP,1450,155,308.31
Paris,ORY,Milan,LIN,638,85,236.91
Paris,ORY,Marseille,MRS,627,80,251.59
Paris,ORY,Berlin,BER,886,110,278.89
Paris,ORY,Naples,NAP,1281,135,286.69
Paris,ORY,Valencia,VLC,1050,115,269.45
Paris,ORY,Milan,MXP,591,93,296.32
Paris,ORY,Athens,ATH,2109,195,366.24
Paris,ORY,Sevilla,SVQ,1422,150,304.59
Paris,ORY,Malta,MLA,1741,160,309.85
Paris,ORY,Palermo,PMO,1455,145,321.18
Paris,ORY,Prague,PRG,876,105,263.28
Paris,ORY,Budapest,BUD,1264,130,297.13
Paris,ORY,Dublin,DUB,797,120,274.43
Paris,ORY,Vienna,VIE,1051,120,287.32
Paris,ORY,Warsaw,WAW,1372,130,282.02
Paris,ORY,Copenhagen,CPH,1039,130,282.26
Paris,ORY,Stockholm,ARN,1576,160,356.15
Paris,ORY,Las Palmas,LPA,2766,255,429.54
Paris,ORY,Genoa,GOA,690,95,246.23
Paris,ORY,Ljubljana,LJU,951,105,276.97
Paris,ORY,Larnaca,LCA,2987,255,456.71
Paris,ORY,Tallinn,TLL,1874,180,327.12
Paris,ORY,Turin,TRN,562,85,245.56
Bucharest,OTP,Vienna,VIE,830,100,269.23
Bucharest,OTP,Amsterdam,AMS,1786,180,340.35
Bucharest,OTP,Milan,BGY,1292,145,356.34
Bucharest,OTP,Paris,CDG,1853,195,372.27
Bucharest,OTP,Frankfurt,FRA,1452,160,318.86
Bucharest,OTP,Athens,ATH,758,100,273.15
Bucharest,OTP,Warsaw,WAW,925,110,263.93
Bucharest,OTP,Rome,FCO,1164,140,316.59
Bucharest,OTP,Brussels,CRL,1747,175,383.86
Bucharest,OTP,Munich,MUC,1173,125,311.51
Bucharest,OTP,Budapest,BUD,616,110,279.04
Bucharest,OTP,Paris,BVA,1892,195,442.28
Bucharest,OTP,Madrid,MAD,2462,250,414.8
Bucharest,OTP,Barcelona,BCN,1984,200,361.7
Bucharest,OTP,Rome,CIA,1137,125,289.03
Bucharest,OTP,Naples,NAP,1047,120,273.6
Bucharest,OTP,Dortmund,DTM,1572,165,323.69
Bucharest,OTP,Malaga,AGP,2712,245,400.22
Bucharest,OTP,Copenhagen,CPH,1555,175,329.17
Bucharest,OTP,Eindhoven,EIN,1714,180,358.86
Bucharest,OTP,Prague,PRG,1082,115,275.2
Bucharest,OTP,Brussels,BRU,1757,170,329.51
Bucharest,OTP,Dublin,DUB,2534,235,391.34
Bucharest,OTP,Malta,MLA,1379,145,296.76
Bucharest,OTP,Berlin,BER,1267,135,305.81
Bucharest,OTP,Dusseldorf,DUS,1617,160,311.08
Bucharest,OTP,Larnaca,LCA,1254,140,343.62
Bucharest,OTP,Milan,MXP,1369,150,355.23
Bucharest,OTP,Sofia,SOF,299,75,228.88
Bucharest,OTP,Valencia,VLC,2258,230,386.36
Bucharest,OTP,Luxembourg,LUX,1603,160,312.34
Bucharest,OTP,Riga,RIX,1381,150,305.7
Bucharest,OTP,Hamburg,HAM,1540,160,316.92
Bucharest,OTP,Lisbon,LIS,2977,285,436.33
Bucharest,OTP,Stockholm,NYO,1699,175,452.22
Bucharest,OTP,Stuttgart,STR,1368,140,297.9
Bucharest,OTP,Turin,TRN,1454,160,322.47
Bucharest,OTP,Zaragoza,ZAZ,2217,220,378.99
Bucharest,OTP,Leipzig/Halle,LEJ,1280,140,304.22
Bucharest,OTP,Stockholm,ARN,1765,175,373.06
Bucharest,OTP,Marseille,MRS,1672,180,353.5
Bucharest,OTP,Genoa,GOA,1367,145,298.14
Bucharest,OTP,Lyon,LYS,1651,175,347.05
Bucharest,OTP,Nuremberg,NUE,1261,140,290.06
Bucharest,OTP,Palermo,PMO,1293,135,313.09
Bucharest,OTP,Sevilla,SVQ,2785,270,426.5
Palermo,PMO,Rome,FCO,407,75,262.99
Palermo,PMO,Milan,LIN,867,95,260.22
Palermo,PMO,Milan,MXP,902,105,321.63
Palermo,PMO,Milan,BGY,877,100,322.74
Palermo,PMO,Naples,NAP,316,60,225.0
Palermo,PMO,Turin,TRN,900,100,273.87
Palermo,PMO,Munich,MUC,1134,120,317.91
Palermo,PMO,Paris,ORY,1455,155,331.18
Palermo,PMO,Barcelona,BCN,1005,120,293.1
Palermo,PMO,Vienna,VIE,1138,115,295.63
Palermo,PMO,Genoa,GOA,777,90,254.54
Palermo,PMO,Marseille,MRS,884,110,294.9
Palermo,PMO,Cologne,CGN,1487,155,330.02
Palermo,PMO,Lyon,LYS,1067,120,303.45
Palermo,PMO,Paris,BVA,1529,160,418.68
Palermo,PMO,Brussels,CRL,1525,160,380.26
Palermo,PMO,Copenhagen,CPH,1939,175,340.57
Palermo,PMO,Dublin,DUB,2250,220,387.74
Palermo,PMO,Frankfurt,FRA,1366,145,315.26
Palermo,PMO,Madrid,MAD,1457,160,336.2
Palermo,PMO,Nuremberg,NUE,1266,130,291.46
Palermo,PMO,Berlin,BER,1576,155,337.2
Palermo,PMO,Valencia,VLC,1186,130,297.76
Palermo,PMO,Budapest,BUD,1143,120,300.44
Palermo,PMO,Paris,CDG,1469,160,348.67
Palermo,PMO,Malta,MLA,287,70,233.16
Palermo,PMO,Krakow,KRK,1423,145,315.28
Palermo,PMO,Amsterdam,AMS,1697,175,346.75
Palermo,PMO,Athens,ATH,951,110,294.55
Palermo,PMO,Bordeaux,BOD,1365,145,314.27
Palermo,PMO,Brussels,BRU,1567,175,345.91
Palermo,PMO,Dusseldorf,DUS,1537,155,317.48
Palermo,PMO,Luxembourg,LUX,1385,135,298.74
Palermo,PMO,Poznan,POZ,1607,160,325.45
Palermo,PMO,Bucharest,OTP,1293,130,308.09
Palermo,PMO,Rotterdam,RTM,1672,165,326.53
Palermo,PMO,Stuttgart,STR,1208,125,294.29
Palermo,PMO,Toulouse,TLS,1156,125,289.18
Palermo,PMO,Stockholm,ARN,2411,210,419.46
Poznan,POZ,Warsaw,WAW,284,55,196.29
Poznan,POZ,Frankfurt,FRA,633,85,231.22
Poznan,POZ,Munich,MUC,576,75,248.87
Poznan,POZ,Milan,BGY,912,110,308.7
Poznan,POZ,Amsterdam,AMS,821,105,252.71
Poznan,POZ,Copenhagen,CPH,450,70,211.53
Poznan,POZ,Dublin,DUB,1549,163,306.7
Poznan,POZ,Paris,BVA,1083,130,364.64
Poznan,POZ,Stockholm,ARN,808,95,280.42
Poznan,POZ,Rome,CIA,1222,125,276.39
Poznan,POZ,Brussels,CRL,886,110,306.22
Poznan,POZ,Malta,MLA,1849,175,314.12
Poznan,POZ,Prague,PRG,312,60,207.55
Poznan,POZ,Malaga,AGP,2416,210,352.58
Poznan,POZ,Palermo,PMO,1607,160,325.45
Poznan,POZ,Lisbon,LIS,2507,245,383.69
Prague,PRG,Amsterdam,AMS,707,95,248.85
Prague,PRG,Paris,CDG,854,110,280.78
Prague,PRG,Warsaw,WAW,522,75,222.44
Prague,PRG,Frankfurt,FRA,407,70,222.36
Prague,PRG,Rome,FCO,936,115,285.1
Prague,PRG,Barcelona,BCN,1359,150,305.2
Prague,PRG,Milan,MXP,648,90,288.73
Prague,PRG,Copenhagen,CPH,624,80,227.68
Prague,PRG,Vienna,VIE,277,55,217.74
Prague,PRG,Munich,MUC,265,55,235.01
Prague,PRG,Helsinki,HEL,1321,130,291.51
Prague,PRG,Madrid,MAD,1752,190,348.3
Prague,PRG,Brussels,BRU,699,90,243.01
Prague,PRG,Malaga,AGP,2118,205,353.73
Prague,PRG,Milan,BGY,600,85,289.85
Prague,PRG,Stockholm,ARN,1087,115,306.56
Prague,PRG,Athens,ATH,1556,150,316.66
Prague,PRG,Dublin,DUB,1457,155,304.85
Prague,PRG,Dusseldorf,DUS,545,75,219.58
Prague,PRG,Larnaca,LCA,2308,205,402.12
Prague,PRG,Lisbon,LIS,2233,215,359.83
Prague,PRG,Paris,ORY,876,115,273.28
Prague,PRG,Riga,RIX,993,105,254.21
Prague,PRG,Budapest,BUD,472,130,292.55
Prague,PRG,Brussels,CRL,699,90,292.36
Prague,PRG,Bucharest,OTP,1082,110,270.2
Prague,PRG,Valencia,VLC,1652,165,314.86
Prague,PRG,Lyon,LYS,841,115,280.56
Prague,PRG,Naples,NAP,1024,115,262.11
Prague,PRG,Luxembourg,LUX,581,85,230.84
Prague,PRG,Marseille,MRS,1011,120,287.01
Prague,PRG,Sofia,SOF,1082,110,257.38
Prague,PRG,Paris,BVA,877,110,350.78
Prague,PRG,Tallinn,TLL,1235,130,272.53
Prague,PRG,Krakow,KRK,395,70,222.39
Prague,PRG,Malta,MLA,1583,150,295.27
Prague,PRG,Poznan,POZ,312,60,207.55
Prague,PRG,Eindhoven,EIN,643,85,257.37
Prague,PRG,Gothenburg,GOT,851,100,266.82
Prague,PRG,Las Palmas,LPA,3513,310,479.96
Prague,PRG,Sevilla,SVQ,2137,210,360.0
Prague,PRG,Turin,TRN,738,95,250.97
Prague,PRG,Bordeaux,BOD,1268,135,286.38
Prague,PRG,Cologne,CGN,513,75,232.13
Prague,PRG,Vilnius,VNO,902,115,259.21
Prague,PRG,Rome,CIA,932,110,267.53
Warsaw,RDO,Rome,FCO,1266,150,445.04
Warsaw,RDO,Larnaca,LCA,2087,200,522.06
Riga,RIX,Helsinki,HEL,382,70,227.02
Riga,RIX,Stockholm,ARN,466,70,257.07
Riga,RIX,Tallinn,TLL,281,50,188.04
Riga,RIX,Vilnius,VNO,266,50,189.72
Riga,RIX,Frankfurt,FRA,1272,140,287.87
Riga,RIX,Copenhagen,CPH,715,90,233.19
Riga,RIX,Amsterdam,AMS,1337,145,294.36
Riga,RIX,Vienna,VIE,1099,125,283.25
Riga,RIX,Berlin,BER,843,105,264.82
Riga,RIX,Warsaw,WAW,563,80,222.95
Riga,RIX,Munich,MUC,1257,130,305.52
Riga,RIX,Paris,CDG,1676,170,336.29
Riga,RIX,Brussels,BRU,1439,145,293.52
Riga,RIX,Prague,PRG,993,115,264.21
Riga,RIX,Dublin,DUB,1947,190,335.35
Riga,RIX,Barcelona,BCN,2340,220,370.71
Riga,RIX,Hamburg,HAM,958,110,255.93
Riga,RIX,Dusseldorf,DUS,1284,130,270.09
Riga,RIX,Rome,FCO,1879,185,350.6
Riga,RIX,Gothenburg,GOT,708,95,257.33
Riga,RIX,Milan,MXP,1639,165,359.24
Riga,RIX,Malaga,AGP,3085,280,424.24
Riga,RIX,Athens,ATH,2110,195,357.17
Riga,RIX,Krakow,KRK,810,105,252.9
Riga,RIX,Malta,MLA,2447,230,370.77
Riga,RIX,Bucharest,OTP,1381,150,305.7
Riga,RIX,Milan,BGY,1593,170,370.36
Riga,RIX,Rome,CIA,1868,185,338.04
Riga,RIX,Lisbon,LIS,3143,280,420.34
Riga,RIX,Madrid,MAD,2695,250,403.81
Riga,RIX,Sofia,SOF,1583,155,297.89
Riga,RIX,Budapest,BUD,1103,115,273.05
Riga,RIX,Paris,BVA,1670,175,411.29
Riga,RIX,Naples,NAP,1915,185,327.62
Riga,RIX,Larnaca,LCA,2556,240,432.63
Riga,RIX,Valencia,VLC,2628,240,385.37
Riga,RIX,Ljubljana,LJU,1357,135,297.89
Riga,RIX,Las Palmas,LPA,4458,385,550.47
Riga,RIX,Cologne,CGN,1291,135,287.64
Riga,RIX,Brussels,CRL,1469,160,357.87
Rotterdam,RTM,Malaga,AGP,1837,170,308.67
Rotterdam,RTM,Barcelona,BCN,1196,120,265.14
Rotterdam,RTM,Lisbon,LIS,1803,175,309.77
Rotterdam,RTM,Rome,FCO,1274,130,290.03
Rotterdam,RTM,Las Palmas,LPA,3136,295,454.9
Rotterdam,RTM,Valencia,VLC,1435,135,274.8
Rotterdam,RTM,Milan,BGY,798,90,284.79
Rotterdam,RTM,Palermo,PMO,1672,150,311.53
Rotterdam,RTM,Luxembourg,LUX,286,65,200.78
Sofia,SOF,Vienna,VIE,806,95,251.42
Sofia,SOF,Frankfurt,FRA,1400,150,296.04
Sofia,SOF,Milan,BGY,1143,120,318.53
Sofia,SOF,Munich,MUC,1103,120,293.69
Sofia,SOF,Athens,ATH,529,75,235.34
Sofia,SOF,Barcelona,BCN,1769,180,328.89
Sofia,SOF,Rome,FCO,926,115,278.78
Sofia,SOF,Warsaw,WAW,1070,120,261.12
Sofia,SOF,Eindhoven,EIN,1673,175,341.05
Sofia,SOF,Madrid,MAD,2253,225,376.98
Sofia,SOF,Brussels,CRL,1683,175,371.04
Sofia,SOF,Berlin,BER,1306,135,292.99
Sofia,SOF,Copenhagen,CPH,1635,175,316.36
Sofia,SOF,Amsterdam,AMS,1757,170,317.53
Sofia,SOF,Paris,CDG,1757,180,344.46
Sofia,SOF,Dortmund,DTM,1544,175,320.88
Sofia,SOF,Valencia,VLC,2031,195,338.55
Sofia,SOF,Malaga,AGP,2472,245,387.41
Sofia,SOF,Rome,CIA,898,105,256.21
Sofia,SOF,Larnaca,LCA,1238,130,320.8
Sofia,SOF,Naples,NAP,783,100,240.79
Sofia,SOF,Budapest,BUD,620,85,241.23
Sofia,SOF,Paris,BVA,1803,185,419.46
Sofia,SOF,Bucharest,OTP,299,65,218.88
Sofia,SOF,Cologne,CGN,1536,165,315.81
Sofia,SOF,Lisbon,LIS,2765,270,408.52
Sofia,SOF,Malta,MLA,1079,120,258.95
Sofia,SOF,Milan,MXP,1218,130,322.41
Sofia,SOF,Prague,PRG,1082,120,267.38
Sofia,SOF,Riga,RIX,1583,150,292.89
Sofia,SOF,Bratislava,BTS,778,90,232.79
Sofia,SOF,Dublin,DUB,2486,240,383.53
Sofia,SOF,Hamburg,HAM,1567,160,304.1
Sofia,SOF,Helsinki,HEL,1964,160,315.19
Sofia,SOF,Nuremberg,NUE,1215,135,272.25
Sofia,SOF,Zagreb,ZAG,677,90,237.05
Sofia,SOF,Brussels,BRU,1701,160,306.7
Stuttgart,STR,Berlin,BER,510,70,232.01
Stuttgart,STR,Hamburg,HAM,552,70,218.12
Stuttgart,STR,Vienna,VIE,549,75,235.44
Stuttgart,STR,Munich,MUC,195,50,227.71
Stuttgart,STR,Amsterdam,AMS,510,85,236.55
Stuttgart,STR,Frankfurt,FRA,157,50,200.06
Stuttgart,STR,Barcelona,BCN,993,115,267.9
Stuttgart,STR,Budapest,BUD,762,90,250.25
Stuttgart,STR,Paris,CDG,487,90,258.48
Stuttgart,STR,Milan,LIN,359,65,210.03
Stuttgart,STR,Copenhagen,CPH,807,90,235.38
Stuttgart,STR,Rome,FCO,802,100,267.8
Stuttgart,STR,Milan,MXP,342,65,261.43
Stuttgart,STR,Naples,NAP,956,110,254.81
Stuttgart,STR,Warsaw,WAW,920,100,245.14
Stuttgart,STR,Athens,ATH,1685,155,319.36
Stuttgart,STR,Lisbon,LIS,1834,190,332.53
Stuttgart,STR,Las Palmas,LPA,3123,275,442.66
Stuttgart,STR,Valencia,VLC,1280,130,277.56
Stuttgart,STR,Malaga,AGP,1737,175,321.43
Stuttgart,STR,Bremen,BRE,486,65,203.94
Stuttgart,STR,Zagreb,ZAG,615,80,231.07
Stuttgart,STR,Stockholm,ARN,1344,135,324.26
Stuttgart,STR,Bucharest,OTP,1368,130,287.9
Stuttgart,STR,Krakow,KRK,784,90,240.09
Stuttgart,STR,Larnaca,LCA,2525,215,409.82
Stuttgart,STR,Palermo,PMO,1208,120,289.29
Stuttgart,STR,Bordeaux,BOD,868,105,254.08
Sevilla,SVQ,Barcelona,BCN,810,100,251.51
Sevilla,SVQ,Valencia,VLC,526,70,216.17
Sevilla,SVQ,Madrid,MAD,396,65,219.6
Sevilla,SVQ,Lisbon,LIS,320,60,201.14
Sevilla,SVQ,Paris,CDG,1456,150,317.08
Sevilla,SVQ,Paris,ORY,1422,150,304.59
Sevilla,SVQ,Las Palmas,LPA,1376,145,311.26
Sevilla,SVQ,Amsterdam,AMS,1851,175,325.15
Sevilla,SVQ,Rome,FCO,1628,165,331.4
Sevilla,SVQ,Brussels,BRU,1708,160,309.31
Sevilla,SVQ,Munich,MUC,1879,175,351.31
Sevilla,SVQ,Brussels,CRL,1666,160,358.66
Sevilla,SVQ,Eindhoven,EIN,1795,170,338.67
Sevilla,SVQ,Frankfurt,FRA,1817,180,328.66
Sevilla,SVQ,Vienna,VIE,2176,185,344.04
Sevilla,SVQ,Paris,BVA,1484,150,387.08
Sevilla,SVQ,Rome,CIA,1656,155,308.83
Sevilla,SVQ,Dublin,DUB,1778,180,326.15
Sevilla,SVQ,Milan,MXP,1518,153,348.03
Sevilla,SVQ,Bucharest,BBU,2784,245,389.08
Sevilla,SVQ,Warsaw,WAW,2658,230,373.74
Sevilla,SVQ,Milan,BGY,1586,155,356.15
Sevilla,SVQ,Marseille,MRS,1154,125,288.31
Sevilla,SVQ,Toulouse,TLS,923,105,247.58
Sevilla,SVQ,Bucharest,OTP,2785,245,401.5
Sevilla,SVQ,Budapest,BUD,2335,205,363.85
Sevilla,SVQ,Dusseldorf,NRN,1838,175,397.95
Sevilla,SVQ,Nuremberg,NUE,1911,178,317.87
Sevilla,SVQ,Luxembourg,LUX,1668,160,302.14
Sevilla,SVQ,Athens,ATH,2622,205,367.96
Sevilla,SVQ,Bordeaux,BOD,930,105,252.68
Sevilla,SVQ,Cologne,CGN,1816,170,323.43
Sevilla,SVQ,Krakow,KRK,2481,220,368.69
Sevilla,SVQ,Lyon,LYS,1296,135,296.86
Sevilla,SVQ,Malta,MLA,1828,160,301.57
Sevilla,SVQ,Naples,NAP,1782,163,306.41
Sevilla,SVQ,Prague,PRG,2137,198,348.0
Sevilla,SVQ,Turin,TRN,1421,145,297.27
Sevilla,SVQ,Stockholm,ARN,2998,255,442.86
Sevilla,SVQ,Copenhagen,CPH,2457,210,353.98
Tallinn,TLL,Helsinki,HEL,100,30,180.34
Tallinn,TLL,Stockholm,ARN,389,60,240.39
Tallinn,TLL,Riga,RIX,281,50,188.04
Tallinn,TLL,Warsaw,WAW,841,100,236.27
Tallinn,TLL,Frankfurt,FRA,1468,150,291.2
Tallinn,TLL,Munich,MUC,1493,145,313.85
Tallinn,TLL,Berlin,BER,1053,115,268.14
Tallinn,TLL,Copenhagen,CPH,839,95,231.51
Tallinn,TLL,Vilnius,VNO,532,70,203.04
Tallinn,TLL,Amsterdam,AMS,1474,150,292.69
Tallinn,TLL,Milan,MXP,1872,190,377.57
Tallinn,TLL,Milan,BGY,1832,180,373.68
Tallinn,TLL,Brussels,BRU,1594,160,301.85
Tallinn,TLL,Paris,CDG,1841,180,339.61
Tallinn,TLL,Prague,PRG,1235,130,272.53
Tallinn,TLL,Malaga,AGP,3287,290,427.56
Tallinn,TLL,Vienna,VIE,1367,143,294.57
Tallinn,TLL,Rome,CIA,2133,195,341.37
Tallinn,TLL,Athens,ATH,2389,220,375.49
Tallinn,TLL,Barcelona,BCN,2556,235,379.04
Tallinn,TLL,Dublin,DUB,2006,198,336.68
Tallinn,TLL,Paris,ORY,1874,185,332.12
Tallinn,TLL,Las Palmas,LPA,4639,385,543.79
Tallinn,TLL,Malta,MLA,2724,245,379.1
Toulouse,TLS,Paris,ORY,571,80,230.87
Toulouse,TLS,Paris,CDG,604,90,253.36
Toulouse,TLS,Lyon,LYS,374,60,218.14
Toulouse,TLS,Amsterdam,AMS,997,115,261.44
Toulouse,TLS,Madrid,MAD,537,85,235.88
Toulouse,TLS,Frankfurt,FRA,899,110,254.95
Toulouse,TLS,Marseille,MRS,311,60,219.59
Toulouse,TLS,Lisbon,LIS,1031,125,262.42
Toulouse,TLS,Munich,MUC,961,105,277.6
Toulouse,TLS,Brussels,BRU,841,105,250.6
Toulouse,TLS,Dublin,DUB,1224,135,277.43
Toulouse,TLS,Brussels,CRL,794,105,299.95
Toulouse,TLS,Milan,BGY,697,90,287.43
Toulouse,TLS,Rome,FCO,913,105,267.68
Toulouse,TLS,Malta,MLA,1415,135,272.85
Toulouse,TLS,Athens,ATH,2000,180,339.24
Toulouse,TLS,Milan,MXP,622,85,276.31
Toulouse,TLS,Sevilla,SVQ,923,110,252.58
Toulouse,TLS,Malaga,AGP,919,110,251.31
Toulouse,TLS,Berlin,BER,1324,145,301.89
Toulouse,TLS,Naples,NAP,1107,120,259.69
Toulouse,TLS,Palermo,PMO,1156,125,289.18
Toulouse,TLS,Valencia,VLC,484,75,217.45
Toulouse,TLS,Copenhagen,CPH,1559,145,285.26
Toulouse,TLS,Krakow,KRK,1571,155,299.97
Toulouse,TLS,Luxembourg,LUX,762,100,238.43
Toulouse,TLS,Las Palmas,LPA,2299,225,387.54
Toulouse,TLS,Hanover,HAJ,1159,130,275.03
Toulouse,TLS,Budapest,BUD,1455,150,305.13
Turin,TRN,Rome,FCO,530,75,247.37
Turin,TRN,Paris,CDG,572,90,263.05
Turin,TRN,Munich,MUC,472,70,252.29
Turin,TRN,Naples,NAP,722,90,239.38
Turin,TRN,Frankfurt,FRA,544,80,234.64
Turin,TRN,Palermo,PMO,900,100,273.87
Turin,TRN,Amsterdam,AMS,819,115,271.12
Turin,TRN,Barcelona,BCN,625,90,247.48
Turin,TRN,Madrid,MAD,1053,138,298.57
Turin,TRN,Brussels,CRL,632,85,289.64
Turin,TRN,Valencia,VLC,920,110,262.14
Turin,TRN,Malta,MLA,1187,120,267.54
Turin,TRN,Bucharest,OTP,1454,145,307.47
Turin,TRN,Paris,BVA,632,95,338.05
Turin,TRN,Krakow,KRK,1060,115,269.66
Turin,TRN,Prague,PRG,738,90,245.97
Turin,TRN,Vilnius,VNO,1637,155,301.48
Turin,TRN,Malaga,AGP,1389,150,301.0
Turin,TRN,Stockholm,ARN,1749,165,358.83
Turin,TRN,Copenhagen,CPH,1213,130,279.95
Turin,TRN,Dublin,DUB,1359,153,305.12
Turin,TRN,Sevilla,SVQ,1421,150,302.27
Turin,TRN,Paris,ORY,562,85,245.56
Turin,TRN,Warsaw,WAW,1248,130,279.71
Vienna,VIE,Frankfurt,FRA,621,90,251.4
Vienna,VIE,Berlin,BER,520,75,248.35
Vienna,VIE,Amsterdam,AMS,960,115,277.89
Vienna,VIE,Paris,CDG,1036,125,304.82
Vienna,VIE,Brussels,BRU,926,105,267.05
Vienna,VIE,Dusseldorf,DUS,788,95,248.62
Vienna,VIE,Hamburg,HAM,766,95,254.46
Vienna,VIE,Warsaw,WAW,549,75,231.48
Vienna,VIE,Milan,MXP,659,85,292.77
Vienna,VIE,Barcelona,BCN,1371,145,309.24
Vienna,VIE,Munich,MUC,355,60,249.05
Vienna,VIE,Rome,FCO,780,100,279.13
Vienna,VIE,Bucharest,OTP,830,95,264.23
Vienna,VIE,Copenhagen,CPH,877,105,261.72
Vienna,VIE,Athens,ATH,1279,130,305.7
Vienna,VIE,Sofia,SOF,806,90,246.42
Vienna,VIE,Stuttgart,STR,549,75,235.44
Vienna,VIE,Cologne,CGN,748,95,261.17
Vienna,VIE,Stockholm,ARN,1286,135,335.6
Vienna,VIE,Madrid,MAD,1808,190,357.34
Vienna,VIE,Hanover,HAJ,686,90,251.49
Vienna,VIE,Naples,NAP,823,95,251.15
Vienna,VIE,Malaga,AGP,2137,205,362.77
Vienna,VIE,Budapest,BUD,216,55,226.58
Vienna,VIE,Krakow,KRK,320,65,226.43
Vienna,VIE,Prague,PRG,277,50,212.74
Vienna,VIE,Larnaca,LCA,2038,185,391.16
Vienna,VIE,Zagreb,ZAG,268,50,212.41
Vienna,VIE,Helsinki,HEL,1461,145,315.55
Vienna,VIE,Milan,BGY,589,80,293.89
Vienna,VIE,Luxembourg,LUX,777,105,259.88
Vienna,VIE,Riga,RIX,1099,125,283.25
Vienna,VIE,Dublin,DUB,1704,175,333.88
Vienna,VIE,Lisbon,LIS,2309,220,373.87
Vienna,VIE,Malta,MLA,1373,140,294.3
Vienna,VIE,Leipzig/Halle,LEJ,482,95,261.76
Vienna,VIE,Valencia,VLC,1666,160,318.9
Vienna,VIE,Vilnius,VNO,944,105,258.25
Vienna,VIE,Paris,BVA,1070,120,369.82
Vienna,VIE,Lyon,LYS,913,110,284.59
Vienna,VIE,Palermo,PMO,1138,115,295.63
Vienna,VIE,Brussels,CRL,917,110,321.4
Vienna,VIE,Marseille,MRS,1022,120,296.04
Vienna,VIE,Sevilla,SVQ,2176,205,364.04
Vienna,VIE,Gothenburg,GOT,1100,115,290.86
Vienna,VIE,Paris,ORY,1051,130,297.32
Vienna,VIE,Bremen,BRE,776,95,245.28
Vienna,VIE,Las Palmas,LPA,3546,310,489.0
Vienna,VIE,Tallinn,TLL,1367,145,296.57
Vienna,VIE,Eindhoven,EIN,884,115,296.41
Valencia,VLC,Amsterdam,AMS,1480,160,310.02
Valencia,VLC,Madrid,MAD,286,55,209.47
Valencia,VLC,Rome,FCO,1105,120,286.26
Valencia,VLC,Sevilla,SVQ,526,75,221.17
Valencia,VLC,Paris,ORY,1050,125,279.45
Valencia,VLC,Malaga,AGP,470,75,219.89
Valencia,VLC,Paris,CDG,1084,135,301.94
Valencia,VLC,Lisbon,LIS,752,100,241.0
Valencia,VLC,Eindhoven,EIN,1405,150,318.53
Valencia,VLC,Frankfurt,FRA,1372,150,298.53
Valencia,VLC,Milan,BGY,1079,120,321.01
Valencia,VLC,Brussels,BRU,1325,145,294.18
Valencia,VLC,Vienna,VIE,1666,160,318.9
Valencia,VLC,Berlin,BER,1788,175,335.47
Valencia,VLC,Milan,MXP,1015,120,314.9
Valencia,VLC,Budapest,BUD,1817,170,328.71
Valencia,VLC,Brussels,CRL,1278,140,338.53
Valencia,VLC,Cologne,CGN,1397,155,308.29
Valencia,VLC,Dusseldorf,DUS,1425,145,285.75
Valencia,VLC,Munich,MUC,1389,150,326.18
Valencia,VLC,Prague,PRG,1652,160,309.86
Valencia,VLC,Sofia,SOF,2031,185,328.55
Valencia,VLC,Barcelona,BCN,295,65,216.37
Valencia,VLC,Dublin,DUB,1609,170,316.01
Valencia,VLC,Las Palmas,LPA,1880,185,351.12
Valencia,VLC,Marseille,MRS,646,85,248.17
Valencia,VLC,Krakow,KRK,1978,185,333.55
Valencia,VLC,Bucharest,OTP,2258,210,366.36
Valencia,VLC,Stuttgart,STR,1280,145,292.56
Valencia,VLC,Warsaw,WAW,2167,205,348.6
Valencia,VLC,Palermo,PMO,1186,120,287.76
Valencia,VLC,Hamburg,HAM,1760,170,316.59
Valencia,VLC,Malta,MLA,1379,135,276.43
Valencia,VLC,Rotterdam,RTM,1435,145,284.8
Valencia,VLC,Turin,TRN,920,110,262.14
Valencia,VLC,Lyon,LYS,828,105,266.72
Valencia,VLC,Paris,BVA,1126,130,366.95
Valencia,VLC,Naples,NAP,1265,130,273.27
Valencia,VLC,Stockholm,ARN,2587,235,422.73
Valencia,VLC,Luxembourg,LUX,1244,165,307.01
Valencia,VLC,Nuremberg,NUE,1438,145,284.73
Valencia,VLC,Riga,RIX,2628,230,375.37
Valencia,VLC,Bordeaux,BOD,593,85,232.54
Valencia,VLC,Athens,ATH,2124,180,342.82
Valencia,VLC,Copenhagen,CPH,2040,185,328.84
Valencia,VLC,Toulouse,TLS,484,75,217.45
Valencia,VLC,Vilnius,VNO,2555,220,360.37
Vilnius,VNO,Warsaw,WAW,397,65,202.95
Vilnius,VNO,Helsinki,HEL,632,105,257.02
Vilnius,VNO,Riga,RIX,266,50,189.72
Vilnius,VNO,Stockholm,ARN,712,85,267.07
Vilnius,VNO,Copenhagen,CPH,811,90,228.19
Vilnius,VNO,Frankfurt,FRA,1243,140,282.87
Vilnius,VNO,Rome,FCO,1719,175,335.61
Vilnius,VNO,Berlin,BER,820,100,254.82
Vilnius,VNO,Vienna,VIE,944,110,263.25
Vilnius,VNO,Barcelona,BCN,2261,215,360.71
Vilnius,VNO,Tallinn,TLL,532,70,203.04
Vilnius,VNO,Amsterdam,AMS,1381,150,294.36
Vilnius,VNO,Milan,BGY,1489,150,345.36
Vilnius,VNO,Eindhoven,EIN,1374,145,307.88
Vilnius,VNO,Munich,MUC,1166,125,295.52
Vilnius,VNO,Milan,MXP,1545,165,354.24
Vilnius,VNO,Paris,BVA,1681,170,401.29
Vilnius,VNO,Paris,CDG,1677,175,336.29
Vilnius,VNO,Athens,ATH,1859,170,327.17
Vilnius,VNO,Brussels,BRU,1457,150,293.52
Vilnius,VNO,Malaga,AGP,3020,280,419.24
Vilnius,VNO,Rome,CIA,1705,170,318.04
Vilnius,VNO,Dublin,DUB,2052,205,345.36
Vilnius,VNO,Malta,MLA,2247,210,345.78
Vilnius,VNO,Nuremberg,NUE,1126,125,259.08
Vilnius,VNO,Turin,TRN,1637,170,316.48
Vilnius,VNO,Dortmund,DTM,1230,135,277.71
Vilnius,VNO,Larnaca,LCA,2290,230,417.63
Vilnius,VNO,Krakow,KRK,630,80,222.9
Vilnius,VNO,Hamburg,HAM,1002,125,265.93
Vilnius,VNO,Lisbon,LIS,3119,285,420.34
Vilnius,VNO,Las Palmas,LPA,4413,370,530.47
Vilnius,VNO,Prague,PRG,902,105,249.21
Vilnius,VNO,Valencia,VLC,2555,230,370.37
Vilnius,VNO,Dusseldorf,DUS,1294,135,270.09
Stockholm,VST,Malaga,AGP,2964,255,516.23
Warsaw,WAW,Amsterdam,AMS,1105,135,282.59
Warsaw,WAW,Paris,CDG,1346,150,314.52
Warsaw,WAW,Frankfurt,FRA,898,120,266.1
Warsaw,WAW,Copenhagen,CPH,668,95,236.42
Warsaw,WAW,Vienna,VIE,549,85,241.48
Warsaw,WAW,Munich,MUC,779,100,273.75
Warsaw,WAW,Krakow,KRK,247,55,201.12
Warsaw,WAW,Budapest,BUD,541,80,236.28
Warsaw,WAW,Vilnius,VNO,397,65,202.95
Warsaw,WAW,Prague,PRG,522,80,227.44
Warsaw,WAW,Brussels,BRU,1150,135,281.75
Warsaw,WAW,Bucharest,OTP,925,110,263.93
Warsaw,WAW,Poznan,POZ,284,60,201.29
Warsaw,WAW,Athens,ATH,1598,160,320.39
Warsaw,WAW,Rome,FCO,1328,150,313.83
Warsaw,WAW,Helsinki,HEL,939,100,255.25
Warsaw,WAW,Tallinn,TLL,841,105,241.27
Warsaw,WAW,Stockholm,ARN,853,110,295.3
Warsaw,WAW,Barcelona,BCN,1872,190,338.94
Warsaw,WAW,Dusseldorf,DUS,985,120,258.32
Warsaw,WAW,Berlin,BER,510,80,238.05
Warsaw,WAW,Hamburg,HAM,754,100,244.16
Warsaw,WAW,Madrid,MAD,2274,235,387.04
Warsaw,WAW,Milan,MXP,1153,135,327.47
Warsaw,WAW,Riga,RIX,563,85,227.95
Warsaw,WAW,Sofia,SOF,1070,120,261.12
Warsaw,WAW,Zagreb,ZAG,800,100,247.11
Warsaw,WAW,Milan,BGY,1096,130,328.59
Warsaw,WAW,Brussels,CRL,1164,130,326.1
Warsaw,WAW,Lisbon,LIS,2754,265,403.57
Warsaw,WAW,Ljubljana,LJU,812,100,261.12
Warsaw,WAW,Luxembourg,LUX,1074,125,264.58
Warsaw,WAW,Stuttgart,STR,920,115,260.14
Warsaw,WAW,Gothenburg,GOT,825,105,265.56
Warsaw,WAW,Eindhoven,EIN,1075,125,291.11
Warsaw,WAW,Larnaca,LCA,2169,210,400.86
Warsaw,WAW,Paris,ORY,1372,160,312.02
Warsaw,WAW,Malaga,AGP,2635,250,392.46
Warsaw,WAW,Stockholm,NYO,779,100,364.46
Warsaw,WAW,Valencia,VLC,2167,210,353.6
Warsaw,WAW,Malta,MLA,1884,185,324.0
Warsaw,WAW,Sevilla,SVQ,2658,250,393.74
Warsaw,WAW,Naples,NAP,1353,145,285.84
Warsaw,WAW,Dublin,DUB,1829,190,333.58
Warsaw,WAW,Turin,TRN,1248,155,304.71
Warsaw,WAW,Lyon,LYS,1362,140,299.29
Zagreb,ZAG,Frankfurt,FRA,736,95,247.03
Zagreb,ZAG,Munich,MUC,435,65,244.68
Zagreb,ZAG,Amsterdam,AMS,1101,130,283.52
Zagreb,ZAG,Paris,CDG,1080,125,295.45
Zagreb,ZAG,Vienna,VIE,268,55,217.41
Zagreb,ZAG,Brussels,BRU,1031,135,287.69
Zagreb,ZAG,Warsaw,WAW,800,95,242.11
Zagreb,ZAG,Copenhagen,CPH,1126,115,262.35
Zagreb,ZAG,Brussels,CRL,1010,115,317.03
Zagreb,ZAG,Malta,MLA,1105,120,264.94
Zagreb,ZAG,Madrid,MAD,1694,175,332.97
Zagreb,ZAG,Dublin,DUB,1815,190,339.52
Zagreb,ZAG,Milan,BGY,495,80,284.52
Zagreb,ZAG,Rome,FCO,534,80,249.77
Zagreb,ZAG,Cologne,CGN,874,100,256.8
Zagreb,ZAG,Stuttgart,STR,615,80,231.07
Zagreb,ZAG,Malaga,AGP,1987,200,348.4
Zagreb,ZAG,Paris,BVA,1125,135,375.45
Zagreb,ZAG,Dusseldorf,NRN,977,120,346.32
Zagreb,ZAG,Stockholm,ARN,1553,130,321.23
Zagreb,ZAG,Athens,ATH,1084,110,276.33
Zagreb,ZAG,Barcelona,BCN,1231,125,279.88
Zagreb,ZAG,Berlin,BER,760,90,253.98
Zagreb,ZAG,Gothenburg,GOT,1352,145,311.49
Zagreb,ZAG,Sofia,SOF,677,80,227.05
Zagreb,ZAG,Marseille,MRS,896,115,281.68
Zagreb,ZAG,Dusseldorf,DUS,921,105,249.26
Zagreb,ZAG,Eindhoven,EIN,1010,125,297.04
Zagreb,ZAG,Naples,NAP,557,85,231.78
Zaragoza,ZAZ,Milan,BGY,970,110,313.64
Zaragoza,ZAZ,Bucharest,OTP,2217,205,363.99
Zaragoza,ZAZ,Las Palmas,LPA,2007,185,353.75
Zaragoza,ZAZ,Paris,BVA,899,105,344.58
Zaragoza,ZAZ,Brussels,CRL,1064,120,321.16
